"","ID","mean_age","percentage_inside","ca","forest_cover","forest_connectivity","forest_early_ss","forest_late_ss","forest_type","as.numeric.elevation.","geometry","buffer"
"1","MX_DR_FC1",2,106.136586255072,63.8201430997657,0.768595041322314,90.0209351011863,0.180349932705249,0.819650067294751,"dry",133.998154,"POINT (3247309 537516.1)","POLYGON ((3247809 537516.1, 3247808 537490, 3247806 537463.9, 3247803 537437.9, 3247798 537412.2, 3247792 537386.7, 3247784 537361.6, 3247776 537337, 3247766 537312.8, 3247754 537289.1, 3247742 537266.1, 3247728 537243.8, 3247713 537222.2, 3247697 537201.5, 3247680 537181.6, 3247662 537162.6, 3247643 537144.6, 3247623 537127.6, 3247603 537111.6, 3247581 537096.8, 3247559 537083.1, 3247536 537070.6, 3247512 537059.4, 3247488 537049.3, 3247463 537040.6, 3247438 537033.2, 3247413 537027.1, 3247387 537022.3, 3247361 537018.9, 3247335 537016.8, 3247309 537016.1, 3247283 537016.8, 3247257 537018.9, 3247231 537022.3, 3247205 537027.1, 3247179 537033.2, 3247154 537040.6, 3247130 537049.3, 3247105 537059.4, 3247082 537070.6, 3247059 537083.1, 3247036 537096.8, 3247015 537111.6, 3246994 537127.6, 3246974 537144.6, 3246955 537162.6, 3246937 537181.6, 3246920 537201.5, 3246904 537222.2, 3246889 537243.8, 3246876 537266.1, 3246863 537289.1, 3246852 537312.8, 3246842 537337, 3246833 537361.6, 3246826 537386.7, 3246820 537412.2, 3246815 537437.9, 3246812 537463.9, 3246809 537490, 3246809 537516.1, 3246809 537542.3, 3246812 537568.4, 3246815 537594.4, 3246820 537620.1, 3246826 537645.5, 3246833 537670.6, 3246842 537695.3, 3246852 537719.5, 3246863 537743.1, 3246876 537766.1, 3246889 537788.5, 3246904 537810, 3246920 537830.8, 3246937 537850.7, 3246955 537869.7, 3246974 537887.7, 3246994 537904.7, 3247015 537920.6, 3247036 537935.5, 3247059 537949.2, 3247082 537961.6, 3247105 537972.9, 3247130 537982.9, 3247154 537991.7, 3247179 537999.1, 3247205 538005.2, 3247231 538010, 3247257 538013.4, 3247283 538015.5, 3247309 538016.1, 3247335 538015.5, 3247361 538013.4, 3247387 538010, 3247413 538005.2, 3247438 537999.1, 3247463 537991.7, 3247488 537982.9, 3247512 537972.9, 3247536 537961.6, 3247559 537949.2, 3247581 537935.5, 3247603 537920.6, 3247623 537904.7, 3247643 537887.7, 3247662 537869.7, 3247680 537850.7, 3247697 537830.8, 3247713 537810, 3247728 537788.5, 3247742 537766.1, 3247754 537743.1, 3247766 537719.5, 3247776 537695.3, 3247784 537670.6, 3247792 537645.5, 3247798 537620.1, 3247803 537594.4, 3247806 537568.4, 3247808 537542.3, 3247809 537516.1))"
"2","MX_DR_FC2",2,107.346016700672,46.1495120802089,0.549540347293156,82.4101068999028,0.0799256505576208,0.920074349442379,"dry",116.617691,"POINT (3246799 536648.4)","POLYGON ((3247299 536648.4, 3247298 536622.2, 3247296 536596.1, 3247293 536570.2, 3247288 536544.4, 3247282 536519, 3247275 536493.9, 3247266 536469.2, 3247256 536445, 3247245 536421.4, 3247232 536398.4, 3247218 536376.1, 3247204 536354.5, 3247188 536333.7, 3247171 536313.8, 3247153 536294.8, 3247134 536276.8, 3247114 536259.8, 3247093 536243.9, 3247071 536229.1, 3247049 536215.4, 3247026 536202.9, 3247002 536191.6, 3246978 536181.6, 3246954 536172.9, 3246928 536165.4, 3246903 536159.3, 3246877 536154.5, 3246851 536151.1, 3246825 536149.1, 3246799 536148.4, 3246773 536149.1, 3246747 536151.1, 3246721 536154.5, 3246695 536159.3, 3246670 536165.4, 3246645 536172.9, 3246620 536181.6, 3246596 536191.6, 3246572 536202.9, 3246549 536215.4, 3246527 536229.1, 3246505 536243.9, 3246484 536259.8, 3246464 536276.8, 3246445 536294.8, 3246427 536313.8, 3246410 536333.7, 3246395 536354.5, 3246380 536376.1, 3246366 536398.4, 3246354 536421.4, 3246342 536445, 3246332 536469.2, 3246323 536493.9, 3246316 536519, 3246310 536544.4, 3246305 536570.2, 3246302 536596.1, 3246300 536622.2, 3246299 536648.4, 3246300 536674.6, 3246302 536700.7, 3246305 536726.6, 3246310 536752.3, 3246316 536777.8, 3246323 536802.9, 3246332 536827.6, 3246342 536851.8, 3246354 536875.4, 3246366 536898.4, 3246380 536920.7, 3246395 536942.3, 3246410 536963, 3246427 536983, 3246445 537001.9, 3246464 537020, 3246484 537037, 3246505 537052.9, 3246527 537067.7, 3246549 537081.4, 3246572 537093.9, 3246596 537105.2, 3246620 537115.2, 3246645 537123.9, 3246670 537131.3, 3246695 537137.5, 3246721 537142.2, 3246747 537145.6, 3246773 537147.7, 3246799 537148.4, 3246825 537147.7, 3246851 537145.6, 3246877 537142.2, 3246903 537137.5, 3246928 537131.3, 3246954 537123.9, 3246978 537115.2, 3247002 537105.2, 3247026 537093.9, 3247049 537081.4, 3247071 537067.7, 3247093 537052.9, 3247114 537037, 3247134 537020, 3247153 537001.9, 3247171 536983, 3247188 536963, 3247204 536942.3, 3247218 536920.7, 3247232 536898.4, 3247245 536875.4, 3247256 536851.8, 3247266 536827.6, 3247275 536802.9, 3247282 536777.8, 3247288 536752.3, 3247293 536726.6, 3247296 536700.7, 3247298 536674.6, 3247299 536648.4))"
"3","MX_DR_FC3",2,106.250239622609,50.6958394784429,0.609907120743034,85.6134157105031,0.0626057529610829,0.937394247038917,"dry",110.655228,"POINT (3247012 536477.7)","POLYGON ((3247512 536477.7, 3247512 536451.5, 3247510 536425.4, 3247506 536399.5, 3247502 536373.7, 3247495 536348.3, 3247488 536323.2, 3247479 536298.5, 3247469 536274.3, 3247458 536250.7, 3247445 536227.7, 3247432 536205.4, 3247417 536183.8, 3247401 536163, 3247384 536143.1, 3247366 536124.1, 3247347 536106.1, 3247327 536089.1, 3247306 536073.2, 3247285 536058.3, 3247262 536044.7, 3247239 536032.2, 3247216 536020.9, 3247192 536010.9, 3247167 536002.2, 3247142 535994.7, 3247116 535988.6, 3247091 535983.8, 3247065 535980.4, 3247039 535978.4, 3247012 535977.7, 3246986 535978.4, 3246960 535980.4, 3246934 535983.8, 3246908 535988.6, 3246883 535994.7, 3246858 536002.2, 3246833 536010.9, 3246809 536020.9, 3246785 536032.2, 3246762 536044.7, 3246740 536058.3, 3246719 536073.2, 3246698 536089.1, 3246678 536106.1, 3246659 536124.1, 3246641 536143.1, 3246624 536163, 3246608 536183.8, 3246593 536205.4, 3246579 536227.7, 3246567 536250.7, 3246556 536274.3, 3246546 536298.5, 3246537 536323.2, 3246529 536348.3, 3246523 536373.7, 3246519 536399.5, 3246515 536425.4, 3246513 536451.5, 3246512 536477.7, 3246513 536503.9, 3246515 536529.9, 3246519 536555.9, 3246523 536581.6, 3246529 536607.1, 3246537 536632.2, 3246546 536656.9, 3246556 536681.1, 3246567 536704.7, 3246579 536727.7, 3246593 536750, 3246608 536771.6, 3246624 536792.3, 3246641 536812.2, 3246659 536831.2, 3246678 536849.3, 3246698 536866.3, 3246719 536882.2, 3246740 536897, 3246762 536910.7, 3246785 536923.2, 3246809 536934.5, 3246833 536944.5, 3246858 536953.2, 3246883 536960.6, 3246908 536966.8, 3246934 536971.5, 3246960 536974.9, 3246986 536977, 3247012 536977.7, 3247039 536977, 3247065 536974.9, 3247091 536971.5, 3247116 536966.8, 3247142 536960.6, 3247167 536953.2, 3247192 536944.5, 3247216 536934.5, 3247239 536923.2, 3247262 536910.7, 3247285 536897, 3247306 536882.2, 3247327 536866.3, 3247347 536849.3, 3247366 536831.2, 3247384 536812.2, 3247401 536792.3, 3247417 536771.6, 3247432 536750, 3247445 536727.7, 3247458 536704.7, 3247469 536681.1, 3247479 536656.9, 3247488 536632.2, 3247495 536607.1, 3247502 536581.6, 3247506 536555.9, 3247510 536529.9, 3247512 536503.9, 3247512 536477.7))"
"4","MX_DR_FC4",2,106.354751465003,54.0412502054468,0.649484536082474,90.4052936311001,0.119047619047619,0.880952380952381,"dry",111.802643,"POINT (3245757 537727.9)","POLYGON ((3246257 537727.9, 3246256 537701.7, 3246254 537675.6, 3246251 537649.7, 3246246 537623.9, 3246240 537598.5, 3246233 537573.4, 3246224 537548.7, 3246214 537524.5, 3246203 537500.9, 3246190 537477.9, 3246176 537455.6, 3246162 537434, 3246146 537413.2, 3246129 537393.3, 3246111 537374.3, 3246092 537356.3, 3246072 537339.3, 3246051 537323.4, 3246029 537308.6, 3246007 537294.9, 3245984 537282.4, 3245961 537271.1, 3245936 537261.1, 3245912 537252.4, 3245887 537244.9, 3245861 537238.8, 3245835 537234, 3245809 537230.6, 3245783 537228.6, 3245757 537227.9, 3245731 537228.6, 3245705 537230.6, 3245679 537234, 3245653 537238.8, 3245628 537244.9, 3245603 537252.4, 3245578 537261.1, 3245554 537271.1, 3245530 537282.4, 3245507 537294.9, 3245485 537308.6, 3245463 537323.4, 3245442 537339.3, 3245423 537356.3, 3245404 537374.3, 3245386 537393.3, 3245369 537413.2, 3245353 537434, 3245338 537455.6, 3245324 537477.9, 3245312 537500.9, 3245300 537524.5, 3245290 537548.7, 3245282 537573.4, 3245274 537598.5, 3245268 537623.9, 3245263 537649.7, 3245260 537675.6, 3245258 537701.7, 3245257 537727.9, 3245258 537754.1, 3245260 537780.2, 3245263 537806.1, 3245268 537831.8, 3245274 537857.3, 3245282 537882.4, 3245290 537907.1, 3245300 537931.3, 3245312 537954.9, 3245324 537977.9, 3245338 538000.2, 3245353 538021.8, 3245369 538042.5, 3245386 538062.5, 3245404 538081.4, 3245423 538099.5, 3245442 538116.5, 3245463 538132.4, 3245485 538147.2, 3245507 538160.9, 3245530 538173.4, 3245554 538184.7, 3245578 538194.7, 3245603 538203.4, 3245628 538210.9, 3245653 538217, 3245679 538221.7, 3245705 538225.1, 3245731 538227.2, 3245757 538227.9, 3245783 538227.2, 3245809 538225.1, 3245835 538221.7, 3245861 538217, 3245887 538210.9, 3245912 538203.4, 3245936 538194.7, 3245961 538184.7, 3245984 538173.4, 3246007 538160.9, 3246029 538147.2, 3246051 538132.4, 3246072 538116.5, 3246092 538099.5, 3246111 538081.4, 3246129 538062.5, 3246146 538042.5, 3246162 538021.8, 3246176 538000.2, 3246190 537977.9, 3246203 537954.9, 3246214 537931.3, 3246224 537907.1, 3246233 537882.4, 3246240 537857.3, 3246246 537831.8, 3246251 537806.1, 3246254 537780.2, 3246256 537754.1, 3246257 537727.9))"
"5","MX_DR_FC5",2,106.353767750648,56.1857442612185,0.675257731958763,89.6661367249603,0.148091603053435,0.851908396946565,"dry",116.491287,"POINT (3246021 537992.1)","POLYGON ((3246521 537992.1, 3246520 537965.9, 3246518 537939.8, 3246515 537913.9, 3246510 537888.1, 3246504 537862.7, 3246496 537837.6, 3246488 537812.9, 3246478 537788.7, 3246466 537765.1, 3246454 537742.1, 3246440 537719.8, 3246425 537698.2, 3246409 537677.4, 3246392 537657.5, 3246374 537638.5, 3246355 537620.5, 3246335 537603.5, 3246315 537587.6, 3246293 537572.8, 3246271 537559.1, 3246248 537546.6, 3246224 537535.3, 3246200 537525.3, 3246175 537516.6, 3246150 537509.1, 3246125 537503, 3246099 537498.3, 3246073 537494.8, 3246047 537492.8, 3246021 537492.1, 3245995 537492.8, 3245969 537494.8, 3245943 537498.3, 3245917 537503, 3245891 537509.1, 3245866 537516.6, 3245842 537525.3, 3245817 537535.3, 3245794 537546.6, 3245771 537559.1, 3245748 537572.8, 3245727 537587.6, 3245706 537603.5, 3245686 537620.5, 3245667 537638.5, 3245649 537657.5, 3245632 537677.4, 3245616 537698.2, 3245601 537719.8, 3245588 537742.1, 3245575 537765.1, 3245564 537788.7, 3245554 537812.9, 3245545 537837.6, 3245538 537862.7, 3245532 537888.1, 3245527 537913.9, 3245524 537939.8, 3245521 537965.9, 3245521 537992.1, 3245521 538018.3, 3245524 538044.4, 3245527 538070.3, 3245532 538096.1, 3245538 538121.5, 3245545 538146.6, 3245554 538171.3, 3245564 538195.5, 3245575 538219.1, 3245588 538242.1, 3245601 538264.4, 3245616 538286, 3245632 538306.8, 3245649 538326.7, 3245667 538345.6, 3245686 538363.7, 3245706 538380.7, 3245727 538396.6, 3245748 538411.4, 3245771 538425.1, 3245794 538437.6, 3245817 538448.9, 3245842 538458.9, 3245866 538467.6, 3245891 538475.1, 3245917 538481.2, 3245943 538485.9, 3245969 538489.4, 3245995 538491.4, 3246021 538492.1, 3246047 538491.4, 3246073 538489.4, 3246099 538485.9, 3246125 538481.2, 3246150 538475.1, 3246175 538467.6, 3246200 538458.9, 3246224 538448.9, 3246248 538437.6, 3246271 538425.1, 3246293 538411.4, 3246315 538396.6, 3246335 538380.7, 3246355 538363.7, 3246374 538345.6, 3246392 538326.7, 3246409 538306.8, 3246425 538286, 3246440 538264.4, 3246454 538242.1, 3246466 538219.1, 3246478 538195.5, 3246488 538171.3, 3246496 538146.6, 3246504 538121.5, 3246510 538096.1, 3246515 538070.3, 3246518 538044.4, 3246520 538018.3, 3246521 537992.1))"
"6","MX_DR_FC6",2,106.244398436814,54.8132680655246,0.659442724458204,92.9910350448248,0.101721439749609,0.898278560250391,"dry",106.610725,"POINT (3245551 537899.2)","POLYGON ((3246051 537899.2, 3246050 537873, 3246048 537846.9, 3246045 537821, 3246040 537795.2, 3246034 537769.8, 3246026 537744.7, 3246018 537720, 3246008 537695.8, 3245996 537672.2, 3245984 537649.2, 3245970 537626.9, 3245955 537605.3, 3245939 537584.5, 3245922 537564.6, 3245904 537545.6, 3245885 537527.6, 3245866 537510.6, 3245845 537494.7, 3245823 537479.8, 3245801 537466.2, 3245778 537453.7, 3245754 537442.4, 3245730 537432.4, 3245705 537423.6, 3245680 537416.2, 3245655 537410.1, 3245629 537405.3, 3245603 537401.9, 3245577 537399.9, 3245551 537399.2, 3245525 537399.9, 3245499 537401.9, 3245473 537405.3, 3245447 537410.1, 3245421 537416.2, 3245396 537423.6, 3245372 537432.4, 3245348 537442.4, 3245324 537453.7, 3245301 537466.2, 3245279 537479.8, 3245257 537494.7, 3245236 537510.6, 3245216 537527.6, 3245197 537545.6, 3245179 537564.6, 3245162 537584.5, 3245146 537605.3, 3245132 537626.9, 3245118 537649.2, 3245105 537672.2, 3245094 537695.8, 3245084 537720, 3245075 537744.7, 3245068 537769.8, 3245062 537795.2, 3245057 537821, 3245054 537846.9, 3245052 537873, 3245051 537899.2, 3245052 537925.3, 3245054 537951.4, 3245057 537977.4, 3245062 538003.1, 3245068 538028.6, 3245075 538053.7, 3245084 538078.4, 3245094 538102.5, 3245105 538126.2, 3245118 538149.2, 3245132 538171.5, 3245146 538193.1, 3245162 538213.8, 3245179 538233.7, 3245197 538252.7, 3245216 538270.7, 3245236 538287.7, 3245257 538303.7, 3245279 538318.5, 3245301 538332.2, 3245324 538344.7, 3245348 538355.9, 3245372 538366, 3245396 538374.7, 3245421 538382.1, 3245447 538388.2, 3245473 538393, 3245499 538396.4, 3245525 538398.5, 3245551 538399.2, 3245577 538398.5, 3245603 538396.4, 3245629 538393, 3245655 538388.2, 3245680 538382.1, 3245705 538374.7, 3245730 538366, 3245754 538355.9, 3245778 538344.7, 3245801 538332.2, 3245823 538318.5, 3245845 538303.7, 3245866 538287.7, 3245885 538270.7, 3245904 538252.7, 3245922 538233.7, 3245939 538213.8, 3245955 538193.1, 3245970 538171.5, 3245984 538149.2, 3245996 538126.2, 3246008 538102.5, 3246018 538078.4, 3246026 538053.7, 3246034 538028.6, 3246040 538003.1, 3246045 537977.4, 3246048 537951.4, 3246050 537925.3, 3246051 537899.2))"
"7","MX_DR_FC7",2,106.134388488347,55.4137264011407,0.667355371900826,90.7332796132151,0.0990712074303406,0.900928792569659,"dry",104.035049,"POINT (3245346 537983.1)","POLYGON ((3245846 537983.1, 3245845 537956.9, 3245843 537930.8, 3245840 537904.9, 3245835 537879.1, 3245829 537853.7, 3245822 537828.6, 3245813 537803.9, 3245803 537779.7, 3245792 537756.1, 3245779 537733.1, 3245765 537710.8, 3245751 537689.2, 3245735 537668.4, 3245718 537648.5, 3245700 537629.5, 3245681 537611.5, 3245661 537594.5, 3245640 537578.6, 3245618 537563.7, 3245596 537550.1, 3245573 537537.6, 3245549 537526.3, 3245525 537516.3, 3245501 537507.6, 3245475 537500.1, 3245450 537494, 3245424 537489.2, 3245398 537485.8, 3245372 537483.8, 3245346 537483.1, 3245320 537483.8, 3245294 537485.8, 3245268 537489.2, 3245242 537494, 3245217 537500.1, 3245192 537507.6, 3245167 537516.3, 3245143 537526.3, 3245119 537537.6, 3245096 537550.1, 3245074 537563.7, 3245052 537578.6, 3245031 537594.5, 3245011 537611.5, 3244992 537629.5, 3244974 537648.5, 3244957 537668.4, 3244942 537689.2, 3244927 537710.8, 3244913 537733.1, 3244901 537756.1, 3244889 537779.7, 3244879 537803.9, 3244871 537828.6, 3244863 537853.7, 3244857 537879.1, 3244852 537904.9, 3244849 537930.8, 3244847 537956.9, 3244846 537983.1, 3244847 538009.2, 3244849 538035.3, 3244852 538061.3, 3244857 538087, 3244863 538112.5, 3244871 538137.6, 3244879 538162.3, 3244889 538186.4, 3244901 538210.1, 3244913 538233.1, 3244927 538255.4, 3244942 538277, 3244957 538297.7, 3244974 538317.6, 3244992 538336.6, 3245011 538354.7, 3245031 538371.7, 3245052 538387.6, 3245074 538402.4, 3245096 538416.1, 3245119 538428.6, 3245143 538439.9, 3245167 538449.9, 3245192 538458.6, 3245217 538466, 3245242 538472.2, 3245268 538476.9, 3245294 538480.3, 3245320 538482.4, 3245346 538483.1, 3245372 538482.4, 3245398 538480.3, 3245424 538476.9, 3245450 538472.2, 3245475 538466, 3245501 538458.6, 3245525 538449.9, 3245549 538439.9, 3245573 538428.6, 3245596 538416.1, 3245618 538402.4, 3245640 538387.6, 3245661 538371.7, 3245681 538354.7, 3245700 538336.6, 3245718 538317.6, 3245735 538297.7, 3245751 538277, 3245765 538255.4, 3245779 538233.1, 3245792 538210.1, 3245803 538186.4, 3245813 538162.3, 3245822 538137.6, 3245829 538112.5, 3245835 538087, 3245840 538061.3, 3245843 538035.3, 3245845 538009.2, 3245846 537983.1))"
"8","MX_DR_FC8",2,106.024356379718,63.0481252396879,0.760082730093071,92.3674911660777,0.153741496598639,0.846258503401361,"dry",131.323792,"POINT (3246216 538125.3)","POLYGON ((3246716 538125.3, 3246716 538099.1, 3246714 538073, 3246710 538047, 3246705 538021.3, 3246699 537995.8, 3246692 537970.7, 3246683 537946.1, 3246673 537921.9, 3246662 537898.3, 3246649 537875.3, 3246636 537852.9, 3246621 537831.4, 3246605 537810.6, 3246588 537790.7, 3246570 537771.7, 3246551 537753.7, 3246531 537736.7, 3246510 537720.7, 3246489 537705.9, 3246466 537692.2, 3246443 537679.8, 3246420 537668.5, 3246396 537658.5, 3246371 537649.7, 3246346 537642.3, 3246320 537636.2, 3246295 537631.4, 3246269 537628, 3246243 537625.9, 3246216 537625.3, 3246190 537625.9, 3246164 537628, 3246138 537631.4, 3246112 537636.2, 3246087 537642.3, 3246062 537649.7, 3246037 537658.5, 3246013 537668.5, 3245989 537679.8, 3245966 537692.2, 3245944 537705.9, 3245922 537720.7, 3245902 537736.7, 3245882 537753.7, 3245863 537771.7, 3245845 537790.7, 3245828 537810.6, 3245812 537831.4, 3245797 537852.9, 3245783 537875.3, 3245771 537898.3, 3245760 537921.9, 3245750 537946.1, 3245741 537970.7, 3245733 537995.8, 3245727 538021.3, 3245723 538047, 3245719 538073, 3245717 538099.1, 3245716 538125.3, 3245717 538151.4, 3245719 538177.5, 3245723 538203.5, 3245727 538229.2, 3245733 538254.7, 3245741 538279.8, 3245750 538304.4, 3245760 538328.6, 3245771 538352.3, 3245783 538375.3, 3245797 538397.6, 3245812 538419.1, 3245828 538439.9, 3245845 538459.8, 3245863 538478.8, 3245882 538496.8, 3245902 538513.8, 3245922 538529.8, 3245944 538544.6, 3245966 538558.3, 3245989 538570.8, 3246013 538582, 3246037 538592, 3246062 538600.8, 3246087 538608.2, 3246112 538614.3, 3246138 538619.1, 3246164 538622.5, 3246190 538624.6, 3246216 538625.3, 3246243 538624.6, 3246269 538622.5, 3246295 538619.1, 3246320 538614.3, 3246346 538608.2, 3246371 538600.8, 3246396 538592, 3246420 538582, 3246443 538570.8, 3246466 538558.3, 3246489 538544.6, 3246510 538529.8, 3246531 538513.8, 3246551 538496.8, 3246570 538478.8, 3246588 538459.8, 3246605 538439.9, 3246621 538419.1, 3246636 538397.6, 3246649 538375.3, 3246662 538352.3, 3246673 538328.6, 3246683 538304.4, 3246692 538279.8, 3246699 538254.7, 3246705 538229.2, 3246710 538203.5, 3246714 538177.5, 3246716 538151.4, 3246716 538125.3))"
"9","MX_DR_FC9",2,106.245004543421,69.7389466936956,0.839009287925697,92.219387755102,0.225092250922509,0.774907749077491,"dry",96.331863,"POINT (3246949 537812.3)","POLYGON ((3247449 537812.3, 3247448 537786.1, 3247446 537760, 3247443 537734.1, 3247438 537708.4, 3247432 537682.9, 3247425 537657.8, 3247416 537633.1, 3247406 537608.9, 3247395 537585.3, 3247382 537562.3, 3247368 537540, 3247354 537518.4, 3247338 537497.6, 3247321 537477.7, 3247303 537458.8, 3247284 537440.7, 3247264 537423.7, 3247243 537407.8, 3247221 537393, 3247199 537379.3, 3247176 537366.8, 3247152 537355.5, 3247128 537345.5, 3247104 537336.8, 3247078 537329.3, 3247053 537323.2, 3247027 537318.5, 3247001 537315, 3246975 537313, 3246949 537312.3, 3246923 537313, 3246897 537315, 3246871 537318.5, 3246845 537323.2, 3246820 537329.3, 3246794 537336.8, 3246770 537345.5, 3246746 537355.5, 3246722 537366.8, 3246699 537379.3, 3246677 537393, 3246655 537407.8, 3246634 537423.7, 3246614 537440.7, 3246595 537458.8, 3246577 537477.7, 3246560 537497.6, 3246544 537518.4, 3246530 537540, 3246516 537562.3, 3246504 537585.3, 3246492 537608.9, 3246482 537633.1, 3246473 537657.8, 3246466 537682.9, 3246460 537708.4, 3246455 537734.1, 3246452 537760, 3246450 537786.1, 3246449 537812.3, 3246450 537838.5, 3246452 537864.6, 3246455 537890.5, 3246460 537916.3, 3246466 537941.7, 3246473 537966.8, 3246482 537991.5, 3246492 538015.7, 3246504 538039.3, 3246516 538062.3, 3246530 538084.6, 3246544 538106.2, 3246560 538127, 3246577 538146.9, 3246595 538165.9, 3246614 538183.9, 3246634 538200.9, 3246655 538216.8, 3246677 538231.6, 3246699 538245.3, 3246722 538257.8, 3246746 538269.1, 3246770 538279.1, 3246794 538287.8, 3246820 538295.3, 3246845 538301.4, 3246871 538306.2, 3246897 538309.6, 3246923 538311.6, 3246949 538312.3, 3246975 538311.6, 3247001 538309.6, 3247027 538306.2, 3247053 538301.4, 3247078 538295.3, 3247104 538287.8, 3247128 538279.1, 3247152 538269.1, 3247176 538257.8, 3247199 538245.3, 3247221 538231.6, 3247243 538216.8, 3247264 538200.9, 3247284 538183.9, 3247303 538165.9, 3247321 538146.9, 3247338 538127, 3247354 538106.2, 3247368 538084.6, 3247382 538062.3, 3247395 538039.3, 3247406 538015.7, 3247416 537991.5, 3247425 537966.8, 3247432 537941.7, 3247438 537916.3, 3247443 537890.5, 3247446 537864.6, 3247448 537838.5, 3247449 537812.3))"
"10","MX_DR_FC10",2,107.122043423686,71.2829824138543,0.850562947799386,93.3291770573566,0.147836538461538,0.852163461538462,"dry",105.256844,"POINT (3247161 537851.3)","POLYGON ((3247661 537851.3, 3247660 537825.1, 3247658 537799, 3247654 537773.1, 3247650 537747.3, 3247644 537721.9, 3247636 537696.8, 3247627 537672.1, 3247617 537647.9, 3247606 537624.3, 3247594 537601.3, 3247580 537578.9, 3247565 537557.4, 3247549 537536.6, 3247532 537516.7, 3247514 537497.7, 3247495 537479.7, 3247475 537462.7, 3247455 537446.8, 3247433 537431.9, 3247411 537418.3, 3247388 537405.8, 3247364 537394.5, 3247340 537384.5, 3247315 537375.7, 3247290 537368.3, 3247265 537362.2, 3247239 537357.4, 3247213 537354, 3247187 537352, 3247161 537351.3, 3247134 537352, 3247108 537354, 3247082 537357.4, 3247057 537362.2, 3247031 537368.3, 3247006 537375.7, 3246981 537384.5, 3246957 537394.5, 3246934 537405.8, 3246911 537418.3, 3246888 537431.9, 3246867 537446.8, 3246846 537462.7, 3246826 537479.7, 3246807 537497.7, 3246789 537516.7, 3246772 537536.6, 3246756 537557.4, 3246741 537578.9, 3246728 537601.3, 3246715 537624.3, 3246704 537647.9, 3246694 537672.1, 3246685 537696.8, 3246678 537721.9, 3246672 537747.3, 3246667 537773.1, 3246663 537799, 3246661 537825.1, 3246661 537851.3, 3246661 537877.4, 3246663 537903.5, 3246667 537929.5, 3246672 537955.2, 3246678 537980.7, 3246685 538005.8, 3246694 538030.5, 3246704 538054.6, 3246715 538078.3, 3246728 538101.3, 3246741 538123.6, 3246756 538145.2, 3246772 538165.9, 3246789 538185.8, 3246807 538204.8, 3246826 538222.8, 3246846 538239.8, 3246867 538255.8, 3246888 538270.6, 3246911 538284.3, 3246934 538296.8, 3246957 538308, 3246981 538318.1, 3247006 538326.8, 3247031 538334.2, 3247057 538340.3, 3247082 538345.1, 3247108 538348.5, 3247134 538350.6, 3247161 538351.3, 3247187 538350.6, 3247213 538348.5, 3247239 538345.1, 3247265 538340.3, 3247290 538334.2, 3247315 538326.8, 3247340 538318.1, 3247364 538308, 3247388 538296.8, 3247411 538284.3, 3247433 538270.6, 3247455 538255.8, 3247475 538239.8, 3247495 538222.8, 3247514 538204.8, 3247532 538185.8, 3247549 538165.9, 3247565 538145.2, 3247580 538123.6, 3247594 538101.3, 3247606 538078.3, 3247617 538054.6, 3247627 538030.5, 3247636 538005.8, 3247644 537980.7, 3247650 537955.2, 3247654 537929.5, 3247658 537903.5, 3247660 537877.4, 3247661 537851.3))"
"11","MX_DR_FC11",2,106.683932071856,71.7118812250056,0.859198355601233,93.7422552664188,0.102870813397129,0.897129186602871,"dry",105.256844,"POINT (3247444 537746.9)","POLYGON ((3247944 537746.9, 3247944 537720.8, 3247942 537694.7, 3247938 537668.7, 3247933 537643, 3247927 537617.5, 3247920 537592.4, 3247911 537567.7, 3247901 537543.6, 3247890 537519.9, 3247877 537496.9, 3247864 537474.6, 3247849 537453, 3247833 537432.3, 3247816 537412.4, 3247798 537393.4, 3247779 537375.4, 3247759 537358.4, 3247738 537342.4, 3247717 537327.6, 3247694 537313.9, 3247671 537301.4, 3247648 537290.2, 3247624 537280.1, 3247599 537271.4, 3247574 537264, 3247548 537257.9, 3247523 537253.1, 3247497 537249.7, 3247471 537247.6, 3247444 537246.9, 3247418 537247.6, 3247392 537249.7, 3247366 537253.1, 3247340 537257.9, 3247315 537264, 3247290 537271.4, 3247265 537280.1, 3247241 537290.2, 3247217 537301.4, 3247194 537313.9, 3247172 537327.6, 3247150 537342.4, 3247130 537358.4, 3247110 537375.4, 3247091 537393.4, 3247073 537412.4, 3247056 537432.3, 3247040 537453, 3247025 537474.6, 3247011 537496.9, 3246999 537519.9, 3246988 537543.6, 3246978 537567.7, 3246969 537592.4, 3246961 537617.5, 3246955 537643, 3246951 537668.7, 3246947 537694.7, 3246945 537720.8, 3246944 537746.9, 3246945 537773.1, 3246947 537799.2, 3246951 537825.1, 3246955 537850.9, 3246961 537876.3, 3246969 537901.4, 3246978 537926.1, 3246988 537950.3, 3246999 537973.9, 3247011 537996.9, 3247025 538019.3, 3247040 538040.8, 3247056 538061.6, 3247073 538081.5, 3247091 538100.5, 3247110 538118.5, 3247130 538135.5, 3247150 538151.4, 3247172 538166.3, 3247194 538179.9, 3247217 538192.4, 3247241 538203.7, 3247265 538213.7, 3247290 538222.5, 3247315 538229.9, 3247340 538236, 3247366 538240.8, 3247392 538244.2, 3247418 538246.2, 3247444 538246.9, 3247471 538246.2, 3247497 538244.2, 3247523 538240.8, 3247548 538236, 3247574 538229.9, 3247599 538222.5, 3247624 538213.7, 3247648 538203.7, 3247671 538192.4, 3247694 538179.9, 3247717 538166.3, 3247738 538151.4, 3247759 538135.5, 3247779 538118.5, 3247798 538100.5, 3247816 538081.5, 3247833 538061.6, 3247849 538040.8, 3247864 538019.3, 3247877 537996.9, 3247890 537973.9, 3247901 537950.3, 3247911 537926.1, 3247920 537901.4, 3247927 537876.3, 3247933 537850.9, 3247938 537825.1, 3247942 537799.2, 3247944 537773.1, 3247944 537746.9))"
"12","MX_DR_FC12",2,106.136349497473,75.2288514764711,0.90599173553719,94.9822904368359,0.101366742596811,0.898633257403189,"dry",99.72242,"POINT (3247736 537597.6)","POLYGON ((3248236 537597.6, 3248235 537571.4, 3248233 537545.3, 3248230 537519.4, 3248225 537493.6, 3248219 537468.2, 3248211 537443.1, 3248203 537418.4, 3248193 537394.2, 3248181 537370.6, 3248169 537347.6, 3248155 537325.3, 3248140 537303.7, 3248124 537282.9, 3248107 537263, 3248089 537244, 3248070 537226, 3248051 537209, 3248030 537193.1, 3248008 537178.3, 3247986 537164.6, 3247963 537152.1, 3247939 537140.8, 3247915 537130.8, 3247890 537122.1, 3247865 537114.6, 3247840 537108.5, 3247814 537103.7, 3247788 537100.3, 3247762 537098.3, 3247736 537097.6, 3247710 537098.3, 3247684 537100.3, 3247658 537103.7, 3247632 537108.5, 3247607 537114.6, 3247581 537122.1, 3247557 537130.8, 3247533 537140.8, 3247509 537152.1, 3247486 537164.6, 3247464 537178.3, 3247442 537193.1, 3247421 537209, 3247401 537226, 3247382 537244, 3247364 537263, 3247347 537282.9, 3247331 537303.7, 3247317 537325.3, 3247303 537347.6, 3247290 537370.6, 3247279 537394.2, 3247269 537418.4, 3247260 537443.1, 3247253 537468.2, 3247247 537493.6, 3247242 537519.4, 3247239 537545.3, 3247237 537571.4, 3247236 537597.6, 3247237 537623.8, 3247239 537649.9, 3247242 537675.8, 3247247 537701.5, 3247253 537727, 3247260 537752.1, 3247269 537776.8, 3247279 537801, 3247290 537824.6, 3247303 537847.6, 3247317 537869.9, 3247331 537891.5, 3247347 537912.3, 3247364 537932.2, 3247382 537951.1, 3247401 537969.2, 3247421 537986.2, 3247442 538002.1, 3247464 538016.9, 3247486 538030.6, 3247509 538043.1, 3247533 538054.4, 3247557 538064.4, 3247581 538073.1, 3247607 538080.6, 3247632 538086.7, 3247658 538091.4, 3247684 538094.9, 3247710 538096.9, 3247736 538097.6, 3247762 538096.9, 3247788 538094.9, 3247814 538091.4, 3247840 538086.7, 3247865 538080.6, 3247890 538073.1, 3247915 538064.4, 3247939 538054.4, 3247963 538043.1, 3247986 538030.6, 3248008 538016.9, 3248030 538002.1, 3248051 537986.2, 3248070 537969.2, 3248089 537951.1, 3248107 537932.2, 3248124 537912.3, 3248140 537891.5, 3248155 537869.9, 3248169 537847.6, 3248181 537824.6, 3248193 537801, 3248203 537776.8, 3248211 537752.1, 3248219 537727, 3248225 537701.5, 3248230 537675.8, 3248233 537649.9, 3248235 537623.8, 3248236 537597.6))"
"13","MX_DR_FC13",2,106.137300987886,76.4297681477033,0.920454545454545,95.7607433217189,0.058361391694725,0.941638608305275,"dry",105.850044,"POINT (3247990 537366.5)","POLYGON ((3248490 537366.5, 3248489 537340.3, 3248487 537314.3, 3248484 537288.3, 3248479 537262.6, 3248473 537237.1, 3248465 537212, 3248457 537187.3, 3248447 537163.1, 3248435 537139.5, 3248423 537116.5, 3248409 537094.2, 3248394 537072.6, 3248378 537051.9, 3248361 537032, 3248343 537013, 3248324 536994.9, 3248304 536977.9, 3248284 536962, 3248262 536947.2, 3248240 536933.5, 3248217 536921, 3248193 536909.7, 3248169 536899.7, 3248144 536891, 3248119 536883.6, 3248094 536877.4, 3248068 536872.7, 3248042 536869.3, 3248016 536867.2, 3247990 536866.5, 3247964 536867.2, 3247938 536869.3, 3247912 536872.7, 3247886 536877.4, 3247860 536883.6, 3247835 536891, 3247811 536899.7, 3247786 536909.7, 3247763 536921, 3247740 536933.5, 3247718 536947.2, 3247696 536962, 3247675 536977.9, 3247655 536994.9, 3247636 537013, 3247618 537032, 3247601 537051.9, 3247585 537072.6, 3247570 537094.2, 3247557 537116.5, 3247544 537139.5, 3247533 537163.1, 3247523 537187.3, 3247514 537212, 3247507 537237.1, 3247501 537262.6, 3247496 537288.3, 3247493 537314.3, 3247491 537340.3, 3247490 537366.5, 3247491 537392.7, 3247493 537418.8, 3247496 537444.7, 3247501 537470.5, 3247507 537495.9, 3247514 537521, 3247523 537545.7, 3247533 537569.9, 3247544 537593.5, 3247557 537616.5, 3247570 537638.8, 3247585 537660.4, 3247601 537681.2, 3247618 537701.1, 3247636 537720.1, 3247655 537738.1, 3247675 537755.1, 3247696 537771, 3247718 537785.9, 3247740 537799.5, 3247763 537812, 3247786 537823.3, 3247811 537833.3, 3247835 537842, 3247860 537849.5, 3247886 537855.6, 3247912 537860.4, 3247938 537863.8, 3247964 537865.8, 3247990 537866.5, 3248016 537865.8, 3248042 537863.8, 3248068 537860.4, 3248094 537855.6, 3248119 537849.5, 3248144 537842, 3248169 537833.3, 3248193 537823.3, 3248217 537812, 3248240 537799.5, 3248262 537785.9, 3248284 537771, 3248304 537755.1, 3248324 537738.1, 3248343 537720.1, 3248361 537701.1, 3248378 537681.2, 3248394 537660.4, 3248409 537638.8, 3248423 537616.5, 3248435 537593.5, 3248447 537569.9, 3248457 537545.7, 3248465 537521, 3248473 537495.9, 3248479 537470.5, 3248484 537444.7, 3248487 537418.8, 3248489 537392.7, 3248490 537366.5))"
"14","MX_DR_FC14",2,106.357008501621,76.6871074343959,0.921649484536082,95.4282407407407,0.0794183445190157,0.920581655480984,"dry",104.456573,"POINT (3247947 537258.3)","POLYGON ((3248447 537258.3, 3248446 537232.1, 3248444 537206.1, 3248441 537180.1, 3248436 537154.4, 3248430 537128.9, 3248422 537103.8, 3248414 537079.1, 3248404 537054.9, 3248392 537031.3, 3248380 537008.3, 3248366 536986, 3248351 536964.4, 3248335 536943.7, 3248318 536923.8, 3248300 536904.8, 3248281 536886.7, 3248261 536869.7, 3248241 536853.8, 3248219 536839, 3248197 536825.3, 3248174 536812.8, 3248150 536801.5, 3248126 536791.5, 3248101 536782.8, 3248076 536775.4, 3248051 536769.2, 3248025 536764.5, 3247999 536761.1, 3247973 536759, 3247947 536758.3, 3247921 536759, 3247895 536761.1, 3247869 536764.5, 3247843 536769.2, 3247817 536775.4, 3247792 536782.8, 3247768 536791.5, 3247743 536801.5, 3247720 536812.8, 3247697 536825.3, 3247674 536839, 3247653 536853.8, 3247632 536869.7, 3247612 536886.7, 3247593 536904.8, 3247575 536923.8, 3247558 536943.7, 3247542 536964.4, 3247527 536986, 3247514 537008.3, 3247501 537031.3, 3247490 537054.9, 3247480 537079.1, 3247471 537103.8, 3247464 537128.9, 3247458 537154.4, 3247453 537180.1, 3247450 537206.1, 3247447 537232.1, 3247447 537258.3, 3247447 537284.5, 3247450 537310.6, 3247453 537336.5, 3247458 537362.3, 3247464 537387.7, 3247471 537412.8, 3247480 537437.5, 3247490 537461.7, 3247501 537485.3, 3247514 537508.3, 3247527 537530.6, 3247542 537552.2, 3247558 537573, 3247575 537592.9, 3247593 537611.9, 3247612 537629.9, 3247632 537646.9, 3247653 537662.8, 3247674 537677.7, 3247697 537691.3, 3247720 537703.8, 3247743 537715.1, 3247768 537725.1, 3247792 537733.8, 3247817 537741.3, 3247843 537747.4, 3247869 537752.2, 3247895 537755.6, 3247921 537757.6, 3247947 537758.3, 3247973 537757.6, 3247999 537755.6, 3248025 537752.2, 3248051 537747.4, 3248076 537741.3, 3248101 537733.8, 3248126 537725.1, 3248150 537715.1, 3248174 537703.8, 3248197 537691.3, 3248219 537677.7, 3248241 537662.8, 3248261 537646.9, 3248281 537629.9, 3248300 537611.9, 3248318 537592.9, 3248335 537573, 3248351 537552.2, 3248366 537530.6, 3248380 537508.3, 3248392 537485.3, 3248404 537461.7, 3248414 537437.5, 3248422 537412.8, 3248430 537387.7, 3248436 537362.3, 3248441 537336.5, 3248444 537310.6, 3248446 537284.5, 3248447 537258.3))"
"15","MX_DR_FC15",2,106.245962377662,75.0572919520094,0.902992776057791,94.8520710059172,0.101482326111745,0.898517673888255,"dry",102.68338,"POINT (3247707 537604.4)","POLYGON ((3248207 537604.4, 3248206 537578.2, 3248204 537552.1, 3248201 537526.2, 3248196 537500.4, 3248190 537475, 3248183 537449.9, 3248174 537425.2, 3248164 537401, 3248153 537377.4, 3248140 537354.4, 3248126 537332.1, 3248112 537310.5, 3248096 537289.7, 3248079 537269.8, 3248061 537250.8, 3248042 537232.8, 3248022 537215.8, 3248001 537199.9, 3247979 537185.1, 3247957 537171.4, 3247934 537158.9, 3247910 537147.6, 3247886 537137.6, 3247862 537128.9, 3247837 537121.4, 3247811 537115.3, 3247785 537110.6, 3247759 537107.1, 3247733 537105.1, 3247707 537104.4, 3247681 537105.1, 3247655 537107.1, 3247629 537110.6, 3247603 537115.3, 3247578 537121.4, 3247553 537128.9, 3247528 537137.6, 3247504 537147.6, 3247480 537158.9, 3247457 537171.4, 3247435 537185.1, 3247413 537199.9, 3247392 537215.8, 3247373 537232.8, 3247354 537250.8, 3247336 537269.8, 3247319 537289.7, 3247303 537310.5, 3247288 537332.1, 3247274 537354.4, 3247262 537377.4, 3247250 537401, 3247240 537425.2, 3247232 537449.9, 3247224 537475, 3247218 537500.4, 3247213 537526.2, 3247210 537552.1, 3247208 537578.2, 3247207 537604.4, 3247208 537630.6, 3247210 537656.7, 3247213 537682.6, 3247218 537708.4, 3247224 537733.8, 3247232 537758.9, 3247240 537783.6, 3247250 537807.8, 3247262 537831.4, 3247274 537854.4, 3247288 537876.7, 3247303 537898.3, 3247319 537919.1, 3247336 537939, 3247354 537958, 3247373 537976, 3247392 537993, 3247413 538008.9, 3247435 538023.7, 3247457 538037.4, 3247480 538049.9, 3247504 538061.2, 3247528 538071.2, 3247553 538079.9, 3247578 538087.4, 3247603 538093.5, 3247629 538098.2, 3247655 538101.7, 3247681 538103.7, 3247707 538104.4, 3247733 538103.7, 3247759 538101.7, 3247785 538098.2, 3247811 538093.5, 3247837 538087.4, 3247862 538079.9, 3247886 538071.2, 3247910 538061.2, 3247934 538049.9, 3247957 538037.4, 3247979 538023.7, 3248001 538008.9, 3248022 537993, 3248042 537976, 3248061 537958, 3248079 537939, 3248096 537919.1, 3248112 537898.3, 3248126 537876.7, 3248140 537854.4, 3248153 537831.4, 3248164 537807.8, 3248174 537783.6, 3248183 537758.9, 3248190 537733.8, 3248196 537708.4, 3248201 537682.6, 3248204 537656.7, 3248206 537630.6, 3248207 537604.4))"
"16","MX_DR_FC16",2,106.140215978577,42.1178632553561,0.507231404958678,80.5763073639274,0.0977596741344195,0.90224032586558,"dry",127.922043,"POINT (3246661 536556.2)","POLYGON ((3247161 536556.2, 3247161 536530, 3247158 536503.9, 3247155 536478, 3247150 536452.3, 3247144 536426.8, 3247137 536401.7, 3247128 536377, 3247118 536352.8, 3247107 536329.2, 3247094 536306.2, 3247081 536283.9, 3247066 536262.3, 3247050 536241.6, 3247033 536221.6, 3247015 536202.7, 3246996 536184.6, 3246976 536167.6, 3246955 536151.7, 3246934 536136.9, 3246911 536123.2, 3246888 536110.7, 3246865 536099.4, 3246840 536089.4, 3246816 536080.7, 3246791 536073.2, 3246765 536067.1, 3246739 536062.4, 3246713 536059, 3246687 536056.9, 3246661 536056.2, 3246635 536056.9, 3246609 536059, 3246583 536062.4, 3246557 536067.1, 3246532 536073.2, 3246507 536080.7, 3246482 536089.4, 3246458 536099.4, 3246434 536110.7, 3246411 536123.2, 3246389 536136.9, 3246367 536151.7, 3246347 536167.6, 3246327 536184.6, 3246308 536202.7, 3246290 536221.6, 3246273 536241.6, 3246257 536262.3, 3246242 536283.9, 3246228 536306.2, 3246216 536329.2, 3246204 536352.8, 3246194 536377, 3246186 536401.7, 3246178 536426.8, 3246172 536452.3, 3246167 536478, 3246164 536503.9, 3246162 536530, 3246161 536556.2, 3246162 536582.4, 3246164 536608.5, 3246167 536634.4, 3246172 536660.2, 3246178 536685.6, 3246186 536710.7, 3246194 536735.4, 3246204 536759.6, 3246216 536783.2, 3246228 536806.2, 3246242 536828.5, 3246257 536850.1, 3246273 536870.9, 3246290 536890.8, 3246308 536909.8, 3246327 536927.8, 3246347 536944.8, 3246367 536960.7, 3246389 536975.5, 3246411 536989.2, 3246434 537001.7, 3246458 537013, 3246482 537023, 3246507 537031.7, 3246532 537039.2, 3246557 537045.3, 3246583 537050.1, 3246609 537053.5, 3246635 537055.5, 3246661 537056.2, 3246687 537055.5, 3246713 537053.5, 3246739 537050.1, 3246765 537045.3, 3246791 537039.2, 3246816 537031.7, 3246840 537023, 3246865 537013, 3246888 537001.7, 3246911 536989.2, 3246934 536975.5, 3246955 536960.7, 3246976 536944.8, 3246996 536927.8, 3247015 536909.8, 3247033 536890.8, 3247050 536870.9, 3247066 536850.1, 3247081 536828.5, 3247094 536806.2, 3247107 536783.2, 3247118 536759.6, 3247128 536735.4, 3247137 536710.7, 3247144 536685.6, 3247150 536660.2, 3247155 536634.4, 3247158 536608.5, 3247161 536582.4, 3247161 536556.2))"
"17","MX_DR_FC17",2,106.140806533607,41.3458453952783,0.497933884297521,80.2173913043478,0.103734439834025,0.896265560165975,"dry",119.997406,"POINT (3246721 536408.2)","POLYGON ((3247221 536408.2, 3247221 536382, 3247218 536355.9, 3247215 536330, 3247210 536304.3, 3247204 536278.8, 3247197 536253.7, 3247188 536229, 3247178 536204.8, 3247167 536181.2, 3247154 536158.2, 3247141 536135.9, 3247126 536114.3, 3247110 536093.5, 3247093 536073.6, 3247075 536054.7, 3247056 536036.6, 3247036 536019.6, 3247015 536003.7, 3246994 535988.9, 3246971 535975.2, 3246948 535962.7, 3246925 535951.4, 3246900 535941.4, 3246876 535932.7, 3246851 535925.2, 3246825 535919.1, 3246799 535914.4, 3246773 535910.9, 3246747 535908.9, 3246721 535908.2, 3246695 535908.9, 3246669 535910.9, 3246643 535914.4, 3246617 535919.1, 3246592 535925.2, 3246567 535932.7, 3246542 535941.4, 3246518 535951.4, 3246494 535962.7, 3246471 535975.2, 3246449 535988.9, 3246427 536003.7, 3246407 536019.6, 3246387 536036.6, 3246368 536054.7, 3246350 536073.6, 3246333 536093.5, 3246317 536114.3, 3246302 536135.9, 3246288 536158.2, 3246276 536181.2, 3246264 536204.8, 3246254 536229, 3246246 536253.7, 3246238 536278.8, 3246232 536304.3, 3246227 536330, 3246224 536355.9, 3246222 536382, 3246221 536408.2, 3246222 536434.4, 3246224 536460.5, 3246227 536486.4, 3246232 536512.2, 3246238 536537.6, 3246246 536562.7, 3246254 536587.4, 3246264 536611.6, 3246276 536635.2, 3246288 536658.2, 3246302 536680.5, 3246317 536702.1, 3246333 536722.9, 3246350 536742.8, 3246368 536761.8, 3246387 536779.8, 3246407 536796.8, 3246427 536812.7, 3246449 536827.5, 3246471 536841.2, 3246494 536853.7, 3246518 536865, 3246542 536875, 3246567 536883.7, 3246592 536891.2, 3246617 536897.3, 3246643 536902.1, 3246669 536905.5, 3246695 536907.5, 3246721 536908.2, 3246747 536907.5, 3246773 536905.5, 3246799 536902.1, 3246825 536897.3, 3246851 536891.2, 3246876 536883.7, 3246900 536875, 3246925 536865, 3246948 536853.7, 3246971 536841.2, 3246994 536827.5, 3247015 536812.7, 3247036 536796.8, 3247056 536779.8, 3247075 536761.8, 3247093 536742.8, 3247110 536722.9, 3247126 536702.1, 3247141 536680.5, 3247154 536658.2, 3247167 536635.2, 3247178 536611.6, 3247188 536587.4, 3247197 536562.7, 3247204 536537.6, 3247210 536512.2, 3247215 536486.4, 3247218 536460.5, 3247221 536434.4, 3247221 536408.2))"
"18","MX_DR_FC18",2,107.127148413593,42.2036430175888,0.503582395087001,80.6176783812567,0.0955284552845529,0.904471544715447,"dry",118.790382,"POINT (3246675 536533.7)","POLYGON ((3247175 536533.7, 3247174 536507.5, 3247172 536481.4, 3247169 536455.5, 3247164 536429.7, 3247158 536404.3, 3247151 536379.2, 3247142 536354.5, 3247132 536330.3, 3247121 536306.7, 3247108 536283.7, 3247094 536261.4, 3247080 536239.8, 3247064 536219, 3247047 536199.1, 3247029 536180.1, 3247010 536162.1, 3246990 536145.1, 3246969 536129.2, 3246947 536114.4, 3246925 536100.7, 3246902 536088.2, 3246879 536076.9, 3246854 536066.9, 3246830 536058.2, 3246805 536050.7, 3246779 536044.6, 3246753 536039.9, 3246727 536036.4, 3246701 536034.4, 3246675 536033.7, 3246649 536034.4, 3246623 536036.4, 3246597 536039.9, 3246571 536044.6, 3246546 536050.7, 3246521 536058.2, 3246496 536066.9, 3246472 536076.9, 3246448 536088.2, 3246425 536100.7, 3246403 536114.4, 3246381 536129.2, 3246360 536145.1, 3246341 536162.1, 3246322 536180.1, 3246304 536199.1, 3246287 536219, 3246271 536239.8, 3246256 536261.4, 3246242 536283.7, 3246230 536306.7, 3246218 536330.3, 3246208 536354.5, 3246200 536379.2, 3246192 536404.3, 3246186 536429.7, 3246181 536455.5, 3246178 536481.4, 3246176 536507.5, 3246175 536533.7, 3246176 536559.9, 3246178 536586, 3246181 536611.9, 3246186 536637.7, 3246192 536663.1, 3246200 536688.2, 3246208 536712.9, 3246218 536737.1, 3246230 536760.7, 3246242 536783.7, 3246256 536806, 3246271 536827.6, 3246287 536848.4, 3246304 536868.3, 3246322 536887.3, 3246341 536905.3, 3246360 536922.3, 3246381 536938.2, 3246403 536953, 3246425 536966.7, 3246448 536979.2, 3246472 536990.5, 3246496 537000.5, 3246521 537009.2, 3246546 537016.7, 3246571 537022.8, 3246597 537027.5, 3246623 537031, 3246649 537033, 3246675 537033.7, 3246701 537033, 3246727 537031, 3246753 537027.5, 3246779 537022.8, 3246805 537016.7, 3246830 537009.2, 3246854 537000.5, 3246879 536990.5, 3246902 536979.2, 3246925 536966.7, 3246947 536953, 3246969 536938.2, 3246990 536922.3, 3247010 536905.3, 3247029 536887.3, 3247047 536868.3, 3247064 536848.4, 3247080 536827.6, 3247094 536806, 3247108 536783.7, 3247121 536760.7, 3247132 536737.1, 3247142 536712.9, 3247151 536688.2, 3247158 536663.1, 3247164 536637.7, 3247169 536611.9, 3247172 536586, 3247174 536559.9, 3247175 536533.7))"
"19","MX_DR_FC19",2,106.472961429792,42.6325418287413,0.511843460350155,86.6174920969441,0.150905432595573,0.849094567404427,"dry",79.259232,"POINT (3246540 535583)","POLYGON ((3247040 535583, 3247039 535556.8, 3247037 535530.7, 3247034 535504.8, 3247029 535479.1, 3247023 535453.6, 3247016 535428.5, 3247007 535403.8, 3246997 535379.6, 3246986 535356, 3246973 535333, 3246959 535310.7, 3246945 535289.1, 3246929 535268.3, 3246912 535248.4, 3246894 535229.5, 3246875 535211.4, 3246855 535194.4, 3246834 535178.5, 3246812 535163.7, 3246790 535150, 3246767 535137.5, 3246743 535126.2, 3246719 535116.2, 3246695 535107.5, 3246669 535100, 3246644 535093.9, 3246618 535089.2, 3246592 535085.7, 3246566 535083.7, 3246540 535083, 3246514 535083.7, 3246488 535085.7, 3246462 535089.2, 3246436 535093.9, 3246411 535100, 3246386 535107.5, 3246361 535116.2, 3246337 535126.2, 3246313 535137.5, 3246290 535150, 3246268 535163.7, 3246246 535178.5, 3246225 535194.4, 3246206 535211.4, 3246187 535229.5, 3246169 535248.4, 3246152 535268.3, 3246136 535289.1, 3246121 535310.7, 3246107 535333, 3246095 535356, 3246083 535379.6, 3246073 535403.8, 3246065 535428.5, 3246057 535453.6, 3246051 535479.1, 3246046 535504.8, 3246043 535530.7, 3246041 535556.8, 3246040 535583, 3246041 535609.2, 3246043 535635.3, 3246046 535661.2, 3246051 535687, 3246057 535712.4, 3246065 535737.5, 3246073 535762.2, 3246083 535786.4, 3246095 535810, 3246107 535833, 3246121 535855.3, 3246136 535876.9, 3246152 535897.7, 3246169 535917.6, 3246187 535936.6, 3246206 535954.6, 3246225 535971.6, 3246246 535987.5, 3246268 536002.3, 3246290 536016, 3246313 536028.5, 3246337 536039.8, 3246361 536049.8, 3246386 536058.5, 3246411 536066, 3246436 536072.1, 3246462 536076.9, 3246488 536080.3, 3246514 536082.3, 3246540 536083, 3246566 536082.3, 3246592 536080.3, 3246618 536076.9, 3246644 536072.1, 3246669 536066, 3246695 536058.5, 3246719 536049.8, 3246743 536039.8, 3246767 536028.5, 3246790 536016, 3246812 536002.3, 3246834 535987.5, 3246855 535971.6, 3246875 535954.6, 3246894 535936.6, 3246912 535917.6, 3246929 535897.7, 3246945 535876.9, 3246959 535855.3, 3246973 535833, 3246986 535810, 3246997 535786.4, 3247007 535762.2, 3247016 535737.5, 3247023 535712.4, 3247029 535687, 3247034 535661.2, 3247037 535635.3, 3247039 535609.2, 3247040 535583))"
"20","MX_DR_FC20",2,106.139032635852,39.2871311017375,0.473140495867769,79.9541809851088,0.102620087336245,0.897379912663755,"dry",96.464874,"POINT (3246503 536851)","POLYGON ((3247003 536851, 3247003 536824.9, 3247001 536798.8, 3246997 536772.8, 3246992 536747.1, 3246986 536721.6, 3246979 536696.5, 3246970 536671.9, 3246960 536647.7, 3246949 536624, 3246936 536601, 3246923 536578.7, 3246908 536557.1, 3246892 536536.4, 3246875 536516.5, 3246857 536497.5, 3246838 536479.5, 3246818 536462.5, 3246797 536446.5, 3246776 536431.7, 3246753 536418, 3246730 536405.5, 3246707 536394.3, 3246683 536384.2, 3246658 536375.5, 3246633 536368.1, 3246607 536362, 3246582 536357.2, 3246556 536353.8, 3246530 536351.7, 3246503 536351, 3246477 536351.7, 3246451 536353.8, 3246425 536357.2, 3246399 536362, 3246374 536368.1, 3246349 536375.5, 3246324 536384.2, 3246300 536394.3, 3246276 536405.5, 3246253 536418, 3246231 536431.7, 3246209 536446.5, 3246189 536462.5, 3246169 536479.5, 3246150 536497.5, 3246132 536516.5, 3246115 536536.4, 3246099 536557.1, 3246084 536578.7, 3246070 536601, 3246058 536624, 3246047 536647.7, 3246037 536671.9, 3246028 536696.5, 3246020 536721.6, 3246014 536747.1, 3246010 536772.8, 3246006 536798.8, 3246004 536824.9, 3246003 536851, 3246004 536877.2, 3246006 536903.3, 3246010 536929.3, 3246014 536955, 3246020 536980.4, 3246028 537005.5, 3246037 537030.2, 3246047 537054.4, 3246058 537078, 3246070 537101, 3246084 537123.4, 3246099 537144.9, 3246115 537165.7, 3246132 537185.6, 3246150 537204.6, 3246169 537222.6, 3246189 537239.6, 3246209 537255.5, 3246231 537270.4, 3246253 537284.1, 3246276 537296.5, 3246300 537307.8, 3246324 537317.8, 3246349 537326.6, 3246374 537334, 3246399 537340.1, 3246425 537344.9, 3246451 537348.3, 3246477 537350.4, 3246503 537351, 3246530 537350.4, 3246556 537348.3, 3246582 537344.9, 3246607 537340.1, 3246633 537334, 3246658 537326.6, 3246683 537317.8, 3246707 537307.8, 3246730 537296.5, 3246753 537284.1, 3246776 537270.4, 3246797 537255.5, 3246818 537239.6, 3246838 537222.6, 3246857 537204.6, 3246875 537185.6, 3246892 537165.7, 3246908 537144.9, 3246923 537123.4, 3246936 537101, 3246949 537078, 3246960 537054.4, 3246970 537030.2, 3246979 537005.5, 3246986 536980.4, 3246992 536955, 3246997 536929.3, 3247001 536903.3, 3247003 536877.2, 3247003 536851))"
"21","MX_DR_FC21",2,107.562364139931,58.0728990302962,0.690112130479103,93.0053804765565,0.0781710914454277,0.921828908554572,"dry",115.222336,"POINT (3245381 537323.7)","POLYGON ((3245881 537323.7, 3245880 537297.5, 3245878 537271.4, 3245875 537245.5, 3245870 537219.8, 3245864 537194.3, 3245857 537169.2, 3245848 537144.5, 3245838 537120.3, 3245827 537096.7, 3245814 537073.7, 3245800 537051.4, 3245786 537029.8, 3245770 537009, 3245753 536989.1, 3245735 536970.2, 3245716 536952.1, 3245696 536935.1, 3245675 536919.2, 3245653 536904.4, 3245631 536890.7, 3245608 536878.2, 3245585 536866.9, 3245560 536856.9, 3245536 536848.2, 3245511 536840.7, 3245485 536834.6, 3245459 536829.9, 3245433 536826.4, 3245407 536824.4, 3245381 536823.7, 3245355 536824.4, 3245329 536826.4, 3245303 536829.9, 3245277 536834.6, 3245252 536840.7, 3245227 536848.2, 3245202 536856.9, 3245178 536866.9, 3245154 536878.2, 3245131 536890.7, 3245109 536904.4, 3245087 536919.2, 3245066 536935.1, 3245047 536952.1, 3245028 536970.2, 3245010 536989.1, 3244993 537009, 3244977 537029.8, 3244962 537051.4, 3244948 537073.7, 3244936 537096.7, 3244924 537120.3, 3244914 537144.5, 3244906 537169.2, 3244898 537194.3, 3244892 537219.8, 3244887 537245.5, 3244884 537271.4, 3244882 537297.5, 3244881 537323.7, 3244882 537349.9, 3244884 537376, 3244887 537401.9, 3244892 537427.7, 3244898 537453.1, 3244906 537478.2, 3244914 537502.9, 3244924 537527.1, 3244936 537550.7, 3244948 537573.7, 3244962 537596, 3244977 537617.6, 3244993 537638.4, 3245010 537658.3, 3245028 537677.3, 3245047 537695.3, 3245066 537712.3, 3245087 537728.2, 3245109 537743, 3245131 537756.7, 3245154 537769.2, 3245178 537780.5, 3245202 537790.5, 3245227 537799.2, 3245252 537806.7, 3245277 537812.8, 3245303 537817.6, 3245329 537821, 3245355 537823, 3245381 537823.7, 3245407 537823, 3245433 537821, 3245459 537817.6, 3245485 537812.8, 3245511 537806.7, 3245536 537799.2, 3245560 537790.5, 3245585 537780.5, 3245608 537769.2, 3245631 537756.7, 3245653 537743, 3245675 537728.2, 3245696 537712.3, 3245716 537695.3, 3245735 537677.3, 3245753 537658.3, 3245770 537638.4, 3245786 537617.6, 3245800 537596, 3245814 537573.7, 3245827 537550.7, 3245838 537527.1, 3245848 537502.9, 3245857 537478.2, 3245864 537453.1, 3245870 537427.7, 3245875 537401.9, 3245878 537376, 3245880 537349.9, 3245881 537323.7))"
