system:index,Date,.geo
0,NDMI_19920910,"{""type"":""MultiPoint"",""coordinates"":[]}"
1,NDMI_19930116,"{""type"":""MultiPoint"",""coordinates"":[]}"
2,NDMI_19930201,"{""type"":""MultiPoint"",""coordinates"":[]}"
3,NDMI_19930217,"{""type"":""MultiPoint"",""coordinates"":[]}"
4,NDMI_19930305,"{""type"":""MultiPoint"",""coordinates"":[]}"
5,NDMI_19930321,"{""type"":""MultiPoint"",""coordinates"":[]}"
6,NDMI_19930406,"{""type"":""MultiPoint"",""coordinates"":[]}"
7,NDMI_19930508,"{""type"":""MultiPoint"",""coordinates"":[]}"
8,NDMI_19930524,"{""type"":""MultiPoint"",""coordinates"":[]}"
9,NDMI_19930609,"{""type"":""MultiPoint"",""coordinates"":[]}"
10,NDMI_19930711,"{""type"":""MultiPoint"",""coordinates"":[]}"
11,NDMI_19930727,"{""type"":""MultiPoint"",""coordinates"":[]}"
12,NDMI_19930812,"{""type"":""MultiPoint"",""coordinates"":[]}"
13,NDMI_19930929,"{""type"":""MultiPoint"",""coordinates"":[]}"
14,NDMI_19931015,"{""type"":""MultiPoint"",""coordinates"":[]}"
15,NDMI_19931116,"{""type"":""MultiPoint"",""coordinates"":[]}"
16,NDMI_19931202,"{""type"":""MultiPoint"",""coordinates"":[]}"
17,NDMI_19931218,"{""type"":""MultiPoint"",""coordinates"":[]}"
18,NDMI_19940103,"{""type"":""MultiPoint"",""coordinates"":[]}"
19,NDMI_19940119,"{""type"":""MultiPoint"",""coordinates"":[]}"
20,NDMI_19940204,"{""type"":""MultiPoint"",""coordinates"":[]}"
21,NDMI_19940220,"{""type"":""MultiPoint"",""coordinates"":[]}"
22,NDMI_19940308,"{""type"":""MultiPoint"",""coordinates"":[]}"
23,NDMI_19940324,"{""type"":""MultiPoint"",""coordinates"":[]}"
24,NDMI_19940409,"{""type"":""MultiPoint"",""coordinates"":[]}"
25,NDMI_19940511,"{""type"":""MultiPoint"",""coordinates"":[]}"
26,NDMI_19940527,"{""type"":""MultiPoint"",""coordinates"":[]}"
27,NDMI_19940612,"{""type"":""MultiPoint"",""coordinates"":[]}"
28,NDMI_19940628,"{""type"":""MultiPoint"",""coordinates"":[]}"
29,NDMI_19940714,"{""type"":""MultiPoint"",""coordinates"":[]}"
30,NDMI_19940730,"{""type"":""MultiPoint"",""coordinates"":[]}"
31,NDMI_19940815,"{""type"":""MultiPoint"",""coordinates"":[]}"
32,NDMI_19940916,"{""type"":""MultiPoint"",""coordinates"":[]}"
33,NDMI_19941002,"{""type"":""MultiPoint"",""coordinates"":[]}"
34,NDMI_19941018,"{""type"":""MultiPoint"",""coordinates"":[]}"
35,NDMI_19941119,"{""type"":""MultiPoint"",""coordinates"":[]}"
36,NDMI_19941205,"{""type"":""MultiPoint"",""coordinates"":[]}"
37,NDMI_19941221,"{""type"":""MultiPoint"",""coordinates"":[]}"
38,NDMI_19950106,"{""type"":""MultiPoint"",""coordinates"":[]}"
39,NDMI_19950122,"{""type"":""MultiPoint"",""coordinates"":[]}"
40,NDMI_19950207,"{""type"":""MultiPoint"",""coordinates"":[]}"
41,NDMI_19950223,"{""type"":""MultiPoint"",""coordinates"":[]}"
42,NDMI_19950311,"{""type"":""MultiPoint"",""coordinates"":[]}"
43,NDMI_19950327,"{""type"":""MultiPoint"",""coordinates"":[]}"
44,NDMI_19950412,"{""type"":""MultiPoint"",""coordinates"":[]}"
45,NDMI_19950428,"{""type"":""MultiPoint"",""coordinates"":[]}"
46,NDMI_19950514,"{""type"":""MultiPoint"",""coordinates"":[]}"
47,NDMI_19950530,"{""type"":""MultiPoint"",""coordinates"":[]}"
48,NDMI_19950615,"{""type"":""MultiPoint"",""coordinates"":[]}"
49,NDMI_19950717,"{""type"":""MultiPoint"",""coordinates"":[]}"
50,NDMI_19950802,"{""type"":""MultiPoint"",""coordinates"":[]}"
51,NDMI_19950903,"{""type"":""MultiPoint"",""coordinates"":[]}"
52,NDMI_19951021,"{""type"":""MultiPoint"",""coordinates"":[]}"
53,NDMI_19951122,"{""type"":""MultiPoint"",""coordinates"":[]}"
54,NDMI_19951208,"{""type"":""MultiPoint"",""coordinates"":[]}"
55,NDMI_19951224,"{""type"":""MultiPoint"",""coordinates"":[]}"
56,NDMI_19960109,"{""type"":""MultiPoint"",""coordinates"":[]}"
57,NDMI_19960210,"{""type"":""MultiPoint"",""coordinates"":[]}"
58,NDMI_19960226,"{""type"":""MultiPoint"",""coordinates"":[]}"
59,NDMI_19960313,"{""type"":""MultiPoint"",""coordinates"":[]}"
60,NDMI_19960329,"{""type"":""MultiPoint"",""coordinates"":[]}"
61,NDMI_19960414,"{""type"":""MultiPoint"",""coordinates"":[]}"
62,NDMI_19960430,"{""type"":""MultiPoint"",""coordinates"":[]}"
63,NDMI_19960516,"{""type"":""MultiPoint"",""coordinates"":[]}"
64,NDMI_19960601,"{""type"":""MultiPoint"",""coordinates"":[]}"
65,NDMI_19960719,"{""type"":""MultiPoint"",""coordinates"":[]}"
66,NDMI_19960804,"{""type"":""MultiPoint"",""coordinates"":[]}"
67,NDMI_19960820,"{""type"":""MultiPoint"",""coordinates"":[]}"
68,NDMI_19960905,"{""type"":""MultiPoint"",""coordinates"":[]}"
69,NDMI_19961023,"{""type"":""MultiPoint"",""coordinates"":[]}"
70,NDMI_19961108,"{""type"":""MultiPoint"",""coordinates"":[]}"
71,NDMI_19961124,"{""type"":""MultiPoint"",""coordinates"":[]}"
72,NDMI_19961210,"{""type"":""MultiPoint"",""coordinates"":[]}"
73,NDMI_19961226,"{""type"":""MultiPoint"",""coordinates"":[]}"
74,NDMI_19970111,"{""type"":""MultiPoint"",""coordinates"":[]}"
75,NDMI_19970127,"{""type"":""MultiPoint"",""coordinates"":[]}"
76,NDMI_19970212,"{""type"":""MultiPoint"",""coordinates"":[]}"
77,NDMI_19970228,"{""type"":""MultiPoint"",""coordinates"":[]}"
78,NDMI_19970316,"{""type"":""MultiPoint"",""coordinates"":[]}"
79,NDMI_19970401,"{""type"":""MultiPoint"",""coordinates"":[]}"
80,NDMI_19970417,"{""type"":""MultiPoint"",""coordinates"":[]}"
81,NDMI_19970503,"{""type"":""MultiPoint"",""coordinates"":[]}"
82,NDMI_19970519,"{""type"":""MultiPoint"",""coordinates"":[]}"
83,NDMI_19970620,"{""type"":""MultiPoint"",""coordinates"":[]}"
84,NDMI_19970706,"{""type"":""MultiPoint"",""coordinates"":[]}"
85,NDMI_19970722,"{""type"":""MultiPoint"",""coordinates"":[]}"
86,NDMI_19970823,"{""type"":""MultiPoint"",""coordinates"":[]}"
87,NDMI_19970908,"{""type"":""MultiPoint"",""coordinates"":[]}"
88,NDMI_19970924,"{""type"":""MultiPoint"",""coordinates"":[]}"
89,NDMI_19971010,"{""type"":""MultiPoint"",""coordinates"":[]}"
90,NDMI_19971026,"{""type"":""MultiPoint"",""coordinates"":[]}"
91,NDMI_19971127,"{""type"":""MultiPoint"",""coordinates"":[]}"
92,NDMI_19971213,"{""type"":""MultiPoint"",""coordinates"":[]}"
93,NDMI_19980114,"{""type"":""MultiPoint"",""coordinates"":[]}"
94,NDMI_19980130,"{""type"":""MultiPoint"",""coordinates"":[]}"
95,NDMI_19980215,"{""type"":""MultiPoint"",""coordinates"":[]}"
96,NDMI_19980303,"{""type"":""MultiPoint"",""coordinates"":[]}"
97,NDMI_19980319,"{""type"":""MultiPoint"",""coordinates"":[]}"
98,NDMI_19980404,"{""type"":""MultiPoint"",""coordinates"":[]}"
99,NDMI_19980420,"{""type"":""MultiPoint"",""coordinates"":[]}"
100,NDMI_19980506,"{""type"":""MultiPoint"",""coordinates"":[]}"
101,NDMI_19980522,"{""type"":""MultiPoint"",""coordinates"":[]}"
102,NDMI_19980607,"{""type"":""MultiPoint"",""coordinates"":[]}"
103,NDMI_19980623,"{""type"":""MultiPoint"",""coordinates"":[]}"
104,NDMI_19980810,"{""type"":""MultiPoint"",""coordinates"":[]}"
105,NDMI_19980826,"{""type"":""MultiPoint"",""coordinates"":[]}"
106,NDMI_19981029,"{""type"":""MultiPoint"",""coordinates"":[]}"
107,NDMI_19981114,"{""type"":""MultiPoint"",""coordinates"":[]}"
108,NDMI_19981130,"{""type"":""MultiPoint"",""coordinates"":[]}"
109,NDMI_19990101,"{""type"":""MultiPoint"",""coordinates"":[]}"
110,NDMI_19990117,"{""type"":""MultiPoint"",""coordinates"":[]}"
111,NDMI_19990202,"{""type"":""MultiPoint"",""coordinates"":[]}"
112,NDMI_19990218,"{""type"":""MultiPoint"",""coordinates"":[]}"
113,NDMI_19990306,"{""type"":""MultiPoint"",""coordinates"":[]}"
114,NDMI_19990322,"{""type"":""MultiPoint"",""coordinates"":[]}"
115,NDMI_19990407,"{""type"":""MultiPoint"",""coordinates"":[]}"
116,NDMI_19990423,"{""type"":""MultiPoint"",""coordinates"":[]}"
117,NDMI_19990509,"{""type"":""MultiPoint"",""coordinates"":[]}"
118,NDMI_19990525,"{""type"":""MultiPoint"",""coordinates"":[]}"
119,NDMI_19990610,"{""type"":""MultiPoint"",""coordinates"":[]}"
120,NDMI_19990626,"{""type"":""MultiPoint"",""coordinates"":[]}"
121,NDMI_19990728,"{""type"":""MultiPoint"",""coordinates"":[]}"
122,NDMI_19990805,"{""type"":""MultiPoint"",""coordinates"":[]}"
123,NDMI_19990813,"{""type"":""MultiPoint"",""coordinates"":[]}"
124,NDMI_19990906,"{""type"":""MultiPoint"",""coordinates"":[]}"
125,NDMI_19991016,"{""type"":""MultiPoint"",""coordinates"":[]}"
126,NDMI_19991024,"{""type"":""MultiPoint"",""coordinates"":[]}"
127,NDMI_19991101,"{""type"":""MultiPoint"",""coordinates"":[]}"
128,NDMI_19991125,"{""type"":""MultiPoint"",""coordinates"":[]}"
129,NDMI_19991203,"{""type"":""MultiPoint"",""coordinates"":[]}"
130,NDMI_19991211,"{""type"":""MultiPoint"",""coordinates"":[]}"
131,NDMI_19991219,"{""type"":""MultiPoint"",""coordinates"":[]}"
132,NDMI_20000120,"{""type"":""MultiPoint"",""coordinates"":[]}"
133,NDMI_20000128,"{""type"":""MultiPoint"",""coordinates"":[]}"
134,NDMI_20000205,"{""type"":""MultiPoint"",""coordinates"":[]}"
135,NDMI_20000221,"{""type"":""MultiPoint"",""coordinates"":[]}"
136,NDMI_20000308,"{""type"":""MultiPoint"",""coordinates"":[]}"
137,NDMI_20000316,"{""type"":""MultiPoint"",""coordinates"":[]}"
138,NDMI_20000425,"{""type"":""MultiPoint"",""coordinates"":[]}"
139,NDMI_20000511,"{""type"":""MultiPoint"",""coordinates"":[]}"
140,NDMI_20000527,"{""type"":""MultiPoint"",""coordinates"":[]}"
141,NDMI_20000604,"{""type"":""MultiPoint"",""coordinates"":[]}"
142,NDMI_20000706,"{""type"":""MultiPoint"",""coordinates"":[]}"
143,NDMI_20000714,"{""type"":""MultiPoint"",""coordinates"":[]}"
144,NDMI_20000722,"{""type"":""MultiPoint"",""coordinates"":[]}"
145,NDMI_20000807,"{""type"":""MultiPoint"",""coordinates"":[]}"
146,NDMI_20000815,"{""type"":""MultiPoint"",""coordinates"":[]}"
147,NDMI_20000831,"{""type"":""MultiPoint"",""coordinates"":[]}"
148,NDMI_20000924,"{""type"":""MultiPoint"",""coordinates"":[]}"
149,NDMI_20001002,"{""type"":""MultiPoint"",""coordinates"":[]}"
150,NDMI_20001018,"{""type"":""MultiPoint"",""coordinates"":[]}"
151,NDMI_20001103,"{""type"":""MultiPoint"",""coordinates"":[]}"
152,NDMI_20001205,"{""type"":""MultiPoint"",""coordinates"":[]}"
153,NDMI_20001213,"{""type"":""MultiPoint"",""coordinates"":[]}"
154,NDMI_20001221,"{""type"":""MultiPoint"",""coordinates"":[]}"
155,NDMI_20010106,"{""type"":""MultiPoint"",""coordinates"":[]}"
156,NDMI_20010114,"{""type"":""MultiPoint"",""coordinates"":[]}"
157,NDMI_20010122,"{""type"":""MultiPoint"",""coordinates"":[]}"
158,NDMI_20010130,"{""type"":""MultiPoint"",""coordinates"":[]}"
159,NDMI_20010207,"{""type"":""MultiPoint"",""coordinates"":[]}"
160,NDMI_20010215,"{""type"":""MultiPoint"",""coordinates"":[]}"
161,NDMI_20010223,"{""type"":""MultiPoint"",""coordinates"":[]}"
162,NDMI_20010311,"{""type"":""MultiPoint"",""coordinates"":[]}"
163,NDMI_20010327,"{""type"":""MultiPoint"",""coordinates"":[]}"
164,NDMI_20010404,"{""type"":""MultiPoint"",""coordinates"":[]}"
165,NDMI_20010428,"{""type"":""MultiPoint"",""coordinates"":[]}"
166,NDMI_20010506,"{""type"":""MultiPoint"",""coordinates"":[]}"
167,NDMI_20010514,"{""type"":""MultiPoint"",""coordinates"":[]}"
168,NDMI_20010530,"{""type"":""MultiPoint"",""coordinates"":[]}"
169,NDMI_20010607,"{""type"":""MultiPoint"",""coordinates"":[]}"
170,NDMI_20010615,"{""type"":""MultiPoint"",""coordinates"":[]}"
171,NDMI_20010623,"{""type"":""MultiPoint"",""coordinates"":[]}"
172,NDMI_20010701,"{""type"":""MultiPoint"",""coordinates"":[]}"
173,NDMI_20010725,"{""type"":""MultiPoint"",""coordinates"":[]}"
174,NDMI_20010826,"{""type"":""MultiPoint"",""coordinates"":[]}"
175,NDMI_20010911,"{""type"":""MultiPoint"",""coordinates"":[]}"
176,NDMI_20011013,"{""type"":""MultiPoint"",""coordinates"":[]}"
177,NDMI_20011130,"{""type"":""MultiPoint"",""coordinates"":[]}"
178,NDMI_20011216,"{""type"":""MultiPoint"",""coordinates"":[]}"
179,NDMI_20020407,"{""type"":""MultiPoint"",""coordinates"":[]}"
180,NDMI_20020525,"{""type"":""MultiPoint"",""coordinates"":[]}"
181,NDMI_20020610,"{""type"":""MultiPoint"",""coordinates"":[]}"
182,NDMI_20020626,"{""type"":""MultiPoint"",""coordinates"":[]}"
183,NDMI_20020712,"{""type"":""MultiPoint"",""coordinates"":[]}"
184,NDMI_20020930,"{""type"":""MultiPoint"",""coordinates"":[]}"
185,NDMI_20021203,"{""type"":""MultiPoint"",""coordinates"":[]}"
186,NDMI_20021219,"{""type"":""MultiPoint"",""coordinates"":[]}"
187,NDMI_20030120,"{""type"":""MultiPoint"",""coordinates"":[]}"
188,NDMI_20030221,"{""type"":""MultiPoint"",""coordinates"":[]}"
189,NDMI_20030325,"{""type"":""MultiPoint"",""coordinates"":[]}"
190,NDMI_20030426,"{""type"":""MultiPoint"",""coordinates"":[]}"
191,NDMI_20030512,"{""type"":""MultiPoint"",""coordinates"":[]}"
192,NDMI_20030731,"{""type"":""MultiPoint"",""coordinates"":[]}"
193,NDMI_20030816,"{""type"":""MultiPoint"",""coordinates"":[]}"
194,NDMI_20030901,"{""type"":""MultiPoint"",""coordinates"":[]}"
195,NDMI_20030917,"{""type"":""MultiPoint"",""coordinates"":[]}"
196,NDMI_20031019,"{""type"":""MultiPoint"",""coordinates"":[]}"
197,NDMI_20031104,"{""type"":""MultiPoint"",""coordinates"":[]}"
198,NDMI_20040123,"{""type"":""MultiPoint"",""coordinates"":[]}"
199,NDMI_20040224,"{""type"":""MultiPoint"",""coordinates"":[]}"
200,NDMI_20040311,"{""type"":""MultiPoint"",""coordinates"":[]}"
201,NDMI_20040412,"{""type"":""MultiPoint"",""coordinates"":[]}"
202,NDMI_20040514,"{""type"":""MultiPoint"",""coordinates"":[]}"
203,NDMI_20040615,"{""type"":""MultiPoint"",""coordinates"":[]}"
204,NDMI_20040701,"{""type"":""MultiPoint"",""coordinates"":[]}"
205,NDMI_20040717,"{""type"":""MultiPoint"",""coordinates"":[]}"
206,NDMI_20040818,"{""type"":""MultiPoint"",""coordinates"":[]}"
207,NDMI_20040903,"{""type"":""MultiPoint"",""coordinates"":[]}"
208,NDMI_20040919,"{""type"":""MultiPoint"",""coordinates"":[]}"
209,NDMI_20041021,"{""type"":""MultiPoint"",""coordinates"":[]}"
210,NDMI_20041122,"{""type"":""MultiPoint"",""coordinates"":[]}"
211,NDMI_20041208,"{""type"":""MultiPoint"",""coordinates"":[]}"
212,NDMI_20041224,"{""type"":""MultiPoint"",""coordinates"":[]}"
213,NDMI_20050125,"{""type"":""MultiPoint"",""coordinates"":[]}"
214,NDMI_20050226,"{""type"":""MultiPoint"",""coordinates"":[]}"
215,NDMI_20050415,"{""type"":""MultiPoint"",""coordinates"":[]}"
216,NDMI_20050501,"{""type"":""MultiPoint"",""coordinates"":[]}"
217,NDMI_20050602,"{""type"":""MultiPoint"",""coordinates"":[]}"
218,NDMI_20050720,"{""type"":""MultiPoint"",""coordinates"":[]}"
219,NDMI_20050805,"{""type"":""MultiPoint"",""coordinates"":[]}"
220,NDMI_20050821,"{""type"":""MultiPoint"",""coordinates"":[]}"
221,NDMI_20050906,"{""type"":""MultiPoint"",""coordinates"":[]}"
222,NDMI_20050922,"{""type"":""MultiPoint"",""coordinates"":[]}"
223,NDMI_20051125,"{""type"":""MultiPoint"",""coordinates"":[]}"
224,NDMI_20051211,"{""type"":""MultiPoint"",""coordinates"":[]}"
225,NDMI_20051227,"{""type"":""MultiPoint"",""coordinates"":[]}"
226,NDMI_20060112,"{""type"":""MultiPoint"",""coordinates"":[]}"
227,NDMI_20060128,"{""type"":""MultiPoint"",""coordinates"":[]}"
228,NDMI_20060301,"{""type"":""MultiPoint"",""coordinates"":[]}"
229,NDMI_20060317,"{""type"":""MultiPoint"",""coordinates"":[]}"
230,NDMI_20060402,"{""type"":""MultiPoint"",""coordinates"":[]}"
231,NDMI_20060418,"{""type"":""MultiPoint"",""coordinates"":[]}"
232,NDMI_20060504,"{""type"":""MultiPoint"",""coordinates"":[]}"
233,NDMI_20060520,"{""type"":""MultiPoint"",""coordinates"":[]}"
234,NDMI_20061027,"{""type"":""MultiPoint"",""coordinates"":[]}"
235,NDMI_20061112,"{""type"":""MultiPoint"",""coordinates"":[]}"
236,NDMI_20061128,"{""type"":""MultiPoint"",""coordinates"":[]}"
237,NDMI_20061214,"{""type"":""MultiPoint"",""coordinates"":[]}"
238,NDMI_20070320,"{""type"":""MultiPoint"",""coordinates"":[]}"
239,NDMI_20070405,"{""type"":""MultiPoint"",""coordinates"":[]}"
240,NDMI_20070421,"{""type"":""MultiPoint"",""coordinates"":[]}"
241,NDMI_20070507,"{""type"":""MultiPoint"",""coordinates"":[]}"
242,NDMI_20070523,"{""type"":""MultiPoint"",""coordinates"":[]}"
243,NDMI_20070608,"{""type"":""MultiPoint"",""coordinates"":[]}"
244,NDMI_20070624,"{""type"":""MultiPoint"",""coordinates"":[]}"
245,NDMI_20070710,"{""type"":""MultiPoint"",""coordinates"":[]}"
246,NDMI_20070726,"{""type"":""MultiPoint"",""coordinates"":[]}"
247,NDMI_20070928,"{""type"":""MultiPoint"",""coordinates"":[]}"
248,NDMI_20071014,"{""type"":""MultiPoint"",""coordinates"":[]}"
249,NDMI_20071030,"{""type"":""MultiPoint"",""coordinates"":[]}"
250,NDMI_20071115,"{""type"":""MultiPoint"",""coordinates"":[]}"
251,NDMI_20080118,"{""type"":""MultiPoint"",""coordinates"":[]}"
252,NDMI_20080203,"{""type"":""MultiPoint"",""coordinates"":[]}"
253,NDMI_20080306,"{""type"":""MultiPoint"",""coordinates"":[]}"
254,NDMI_20080322,"{""type"":""MultiPoint"",""coordinates"":[]}"
255,NDMI_20080407,"{""type"":""MultiPoint"",""coordinates"":[]}"
256,NDMI_20080423,"{""type"":""MultiPoint"",""coordinates"":[]}"
257,NDMI_20080509,"{""type"":""MultiPoint"",""coordinates"":[]}"
258,NDMI_20080525,"{""type"":""MultiPoint"",""coordinates"":[]}"
259,NDMI_20080618,"{""type"":""MultiPoint"",""coordinates"":[]}"
260,NDMI_20080728,"{""type"":""MultiPoint"",""coordinates"":[]}"
261,NDMI_20080813,"{""type"":""MultiPoint"",""coordinates"":[]}"
262,NDMI_20080930,"{""type"":""MultiPoint"",""coordinates"":[]}"
263,NDMI_20081203,"{""type"":""MultiPoint"",""coordinates"":[]}"
264,NDMI_20081219,"{""type"":""MultiPoint"",""coordinates"":[]}"
265,NDMI_20090104,"{""type"":""MultiPoint"",""coordinates"":[]}"
266,NDMI_20090120,"{""type"":""MultiPoint"",""coordinates"":[]}"
267,NDMI_20090205,"{""type"":""MultiPoint"",""coordinates"":[]}"
268,NDMI_20090309,"{""type"":""MultiPoint"",""coordinates"":[]}"
269,NDMI_20090325,"{""type"":""MultiPoint"",""coordinates"":[]}"
270,NDMI_20090410,"{""type"":""MultiPoint"",""coordinates"":[]}"
271,NDMI_20090426,"{""type"":""MultiPoint"",""coordinates"":[]}"
272,NDMI_20090613,"{""type"":""MultiPoint"",""coordinates"":[]}"
273,NDMI_20090629,"{""type"":""MultiPoint"",""coordinates"":[]}"
274,NDMI_20090715,"{""type"":""MultiPoint"",""coordinates"":[]}"
275,NDMI_20090731,"{""type"":""MultiPoint"",""coordinates"":[]}"
276,NDMI_20090816,"{""type"":""MultiPoint"",""coordinates"":[]}"
277,NDMI_20090901,"{""type"":""MultiPoint"",""coordinates"":[]}"
278,NDMI_20090917,"{""type"":""MultiPoint"",""coordinates"":[]}"
279,NDMI_20091003,"{""type"":""MultiPoint"",""coordinates"":[]}"
280,NDMI_20091019,"{""type"":""MultiPoint"",""coordinates"":[]}"
281,NDMI_20091104,"{""type"":""MultiPoint"",""coordinates"":[]}"
282,NDMI_20091120,"{""type"":""MultiPoint"",""coordinates"":[]}"
283,NDMI_20091206,"{""type"":""MultiPoint"",""coordinates"":[]}"
284,NDMI_20091214,"{""type"":""MultiPoint"",""coordinates"":[]}"
285,NDMI_20091222,"{""type"":""MultiPoint"",""coordinates"":[]}"
286,NDMI_20100123,"{""type"":""MultiPoint"",""coordinates"":[]}"
287,NDMI_20100208,"{""type"":""MultiPoint"",""coordinates"":[]}"
288,NDMI_20100312,"{""type"":""MultiPoint"",""coordinates"":[]}"
289,NDMI_20100328,"{""type"":""MultiPoint"",""coordinates"":[]}"
290,NDMI_20100429,"{""type"":""MultiPoint"",""coordinates"":[]}"
291,NDMI_20100515,"{""type"":""MultiPoint"",""coordinates"":[]}"
292,NDMI_20100531,"{""type"":""MultiPoint"",""coordinates"":[]}"
293,NDMI_20101006,"{""type"":""MultiPoint"",""coordinates"":[]}"
294,NDMI_20101022,"{""type"":""MultiPoint"",""coordinates"":[]}"
295,NDMI_20101107,"{""type"":""MultiPoint"",""coordinates"":[]}"
296,NDMI_20101209,"{""type"":""MultiPoint"",""coordinates"":[]}"
297,NDMI_20101225,"{""type"":""MultiPoint"",""coordinates"":[]}"
298,NDMI_20110227,"{""type"":""MultiPoint"",""coordinates"":[]}"
299,NDMI_20110315,"{""type"":""MultiPoint"",""coordinates"":[]}"
300,NDMI_20110323,"{""type"":""MultiPoint"",""coordinates"":[]}"
301,NDMI_20110331,"{""type"":""MultiPoint"",""coordinates"":[]}"
302,NDMI_20110502,"{""type"":""MultiPoint"",""coordinates"":[]}"
303,NDMI_20110518,"{""type"":""MultiPoint"",""coordinates"":[]}"
304,NDMI_20110603,"{""type"":""MultiPoint"",""coordinates"":[]}"
305,NDMI_20110806,"{""type"":""MultiPoint"",""coordinates"":[]}"
306,NDMI_20111009,"{""type"":""MultiPoint"",""coordinates"":[]}"
307,NDMI_20111025,"{""type"":""MultiPoint"",""coordinates"":[]}"
308,NDMI_20111126,"{""type"":""MultiPoint"",""coordinates"":[]}"
309,NDMI_20111212,"{""type"":""MultiPoint"",""coordinates"":[]}"
310,NDMI_20111228,"{""type"":""MultiPoint"",""coordinates"":[]}"
311,NDMI_20120301,"{""type"":""MultiPoint"",""coordinates"":[]}"
312,NDMI_20120317,"{""type"":""MultiPoint"",""coordinates"":[]}"
313,NDMI_20120402,"{""type"":""MultiPoint"",""coordinates"":[]}"
314,NDMI_20120418,"{""type"":""MultiPoint"",""coordinates"":[]}"
315,NDMI_20120504,"{""type"":""MultiPoint"",""coordinates"":[]}"
316,NDMI_20120605,"{""type"":""MultiPoint"",""coordinates"":[]}"
317,NDMI_20120707,"{""type"":""MultiPoint"",""coordinates"":[]}"
318,NDMI_20120909,"{""type"":""MultiPoint"",""coordinates"":[]}"
319,NDMI_20120925,"{""type"":""MultiPoint"",""coordinates"":[]}"
320,NDMI_20121027,"{""type"":""MultiPoint"",""coordinates"":[]}"
321,NDMI_20121112,"{""type"":""MultiPoint"",""coordinates"":[]}"
322,NDMI_20121128,"{""type"":""MultiPoint"",""coordinates"":[]}"
323,NDMI_20121214,"{""type"":""MultiPoint"",""coordinates"":[]}"
324,NDMI_20121230,"{""type"":""MultiPoint"",""coordinates"":[]}"
325,NDMI_20130115,"{""type"":""MultiPoint"",""coordinates"":[]}"
326,NDMI_20130131,"{""type"":""MultiPoint"",""coordinates"":[]}"
327,NDMI_20130216,"{""type"":""MultiPoint"",""coordinates"":[]}"
328,NDMI_20130304,"{""type"":""MultiPoint"",""coordinates"":[]}"
329,NDMI_20130320,"{""type"":""MultiPoint"",""coordinates"":[]}"
330,NDMI_20130324,"{""type"":""MultiPoint"",""coordinates"":[]}"
331,NDMI_20130405,"{""type"":""MultiPoint"",""coordinates"":[]}"
332,NDMI_20130421,"{""type"":""MultiPoint"",""coordinates"":[]}"
333,NDMI_20130429,"{""type"":""MultiPoint"",""coordinates"":[]}"
334,NDMI_20130507,"{""type"":""MultiPoint"",""coordinates"":[]}"
335,NDMI_20130515,"{""type"":""MultiPoint"",""coordinates"":[]}"
336,NDMI_20130608,"{""type"":""MultiPoint"",""coordinates"":[]}"
337,NDMI_20130616,"{""type"":""MultiPoint"",""coordinates"":[]}"
338,NDMI_20130710,"{""type"":""MultiPoint"",""coordinates"":[]}"
339,NDMI_20130726,"{""type"":""MultiPoint"",""coordinates"":[]}"
340,NDMI_20130803,"{""type"":""MultiPoint"",""coordinates"":[]}"
341,NDMI_20130811,"{""type"":""MultiPoint"",""coordinates"":[]}"
342,NDMI_20130819,"{""type"":""MultiPoint"",""coordinates"":[]}"
343,NDMI_20130904,"{""type"":""MultiPoint"",""coordinates"":[]}"
344,NDMI_20130928,"{""type"":""MultiPoint"",""coordinates"":[]}"
345,NDMI_20131014,"{""type"":""MultiPoint"",""coordinates"":[]}"
346,NDMI_20131030,"{""type"":""MultiPoint"",""coordinates"":[]}"
347,NDMI_20131107,"{""type"":""MultiPoint"",""coordinates"":[]}"
348,NDMI_20131115,"{""type"":""MultiPoint"",""coordinates"":[]}"
349,NDMI_20131123,"{""type"":""MultiPoint"",""coordinates"":[]}"
350,NDMI_20131201,"{""type"":""MultiPoint"",""coordinates"":[]}"
351,NDMI_20131217,"{""type"":""MultiPoint"",""coordinates"":[]}"
352,NDMI_20131225,"{""type"":""MultiPoint"",""coordinates"":[]}"
353,NDMI_20140102,"{""type"":""MultiPoint"",""coordinates"":[]}"
354,NDMI_20140110,"{""type"":""MultiPoint"",""coordinates"":[]}"
355,NDMI_20140118,"{""type"":""MultiPoint"",""coordinates"":[]}"
356,NDMI_20140126,"{""type"":""MultiPoint"",""coordinates"":[]}"
357,NDMI_20140203,"{""type"":""MultiPoint"",""coordinates"":[]}"
358,NDMI_20140211,"{""type"":""MultiPoint"",""coordinates"":[]}"
359,NDMI_20140219,"{""type"":""MultiPoint"",""coordinates"":[]}"
360,NDMI_20140227,"{""type"":""MultiPoint"",""coordinates"":[]}"
361,NDMI_20140307,"{""type"":""MultiPoint"",""coordinates"":[]}"
362,NDMI_20140315,"{""type"":""MultiPoint"",""coordinates"":[]}"
363,NDMI_20140323,"{""type"":""MultiPoint"",""coordinates"":[]}"
364,NDMI_20140331,"{""type"":""MultiPoint"",""coordinates"":[]}"
365,NDMI_20140408,"{""type"":""MultiPoint"",""coordinates"":[]}"
366,NDMI_20140416,"{""type"":""MultiPoint"",""coordinates"":[]}"
367,NDMI_20140424,"{""type"":""MultiPoint"",""coordinates"":[]}"
368,NDMI_20140502,"{""type"":""MultiPoint"",""coordinates"":[]}"
369,NDMI_20140518,"{""type"":""MultiPoint"",""coordinates"":[]}"
370,NDMI_20140611,"{""type"":""MultiPoint"",""coordinates"":[]}"
371,NDMI_20140619,"{""type"":""MultiPoint"",""coordinates"":[]}"
372,NDMI_20140627,"{""type"":""MultiPoint"",""coordinates"":[]}"
373,NDMI_20140705,"{""type"":""MultiPoint"",""coordinates"":[]}"
374,NDMI_20140713,"{""type"":""MultiPoint"",""coordinates"":[]}"
375,NDMI_20140721,"{""type"":""MultiPoint"",""coordinates"":[]}"
376,NDMI_20140729,"{""type"":""MultiPoint"",""coordinates"":[]}"
377,NDMI_20140806,"{""type"":""MultiPoint"",""coordinates"":[]}"
378,NDMI_20140814,"{""type"":""MultiPoint"",""coordinates"":[]}"
379,NDMI_20140822,"{""type"":""MultiPoint"",""coordinates"":[]}"
380,NDMI_20140830,"{""type"":""MultiPoint"",""coordinates"":[]}"
381,NDMI_20140915,"{""type"":""MultiPoint"",""coordinates"":[]}"
382,NDMI_20140923,"{""type"":""MultiPoint"",""coordinates"":[]}"
383,NDMI_20141009,"{""type"":""MultiPoint"",""coordinates"":[]}"
384,NDMI_20141025,"{""type"":""MultiPoint"",""coordinates"":[]}"
385,NDMI_20141102,"{""type"":""MultiPoint"",""coordinates"":[]}"
386,NDMI_20141110,"{""type"":""MultiPoint"",""coordinates"":[]}"
387,NDMI_20141118,"{""type"":""MultiPoint"",""coordinates"":[]}"
388,NDMI_20141126,"{""type"":""MultiPoint"",""coordinates"":[]}"
389,NDMI_20141204,"{""type"":""MultiPoint"",""coordinates"":[]}"
390,NDMI_20141220,"{""type"":""MultiPoint"",""coordinates"":[]}"
391,NDMI_20141228,"{""type"":""MultiPoint"",""coordinates"":[]}"
392,NDMI_20150105,"{""type"":""MultiPoint"",""coordinates"":[]}"
393,NDMI_20150113,"{""type"":""MultiPoint"",""coordinates"":[]}"
394,NDMI_20150121,"{""type"":""MultiPoint"",""coordinates"":[]}"
395,NDMI_20150129,"{""type"":""MultiPoint"",""coordinates"":[]}"
396,NDMI_20150206,"{""type"":""MultiPoint"",""coordinates"":[]}"
397,NDMI_20150214,"{""type"":""MultiPoint"",""coordinates"":[]}"
398,NDMI_20150222,"{""type"":""MultiPoint"",""coordinates"":[]}"
399,NDMI_20150310,"{""type"":""MultiPoint"",""coordinates"":[]}"
400,NDMI_20150318,"{""type"":""MultiPoint"",""coordinates"":[]}"
401,NDMI_20150326,"{""type"":""MultiPoint"",""coordinates"":[]}"
402,NDMI_20150403,"{""type"":""MultiPoint"",""coordinates"":[]}"
403,NDMI_20150411,"{""type"":""MultiPoint"",""coordinates"":[]}"
404,NDMI_20150419,"{""type"":""MultiPoint"",""coordinates"":[]}"
405,NDMI_20150427,"{""type"":""MultiPoint"",""coordinates"":[]}"
406,NDMI_20150505,"{""type"":""MultiPoint"",""coordinates"":[]}"
407,NDMI_20150513,"{""type"":""MultiPoint"",""coordinates"":[]}"
408,NDMI_20150521,"{""type"":""MultiPoint"",""coordinates"":[]}"
409,NDMI_20150529,"{""type"":""MultiPoint"",""coordinates"":[]}"
410,NDMI_20150622,"{""type"":""MultiPoint"",""coordinates"":[]}"
411,NDMI_20150630,"{""type"":""MultiPoint"",""coordinates"":[]}"
412,NDMI_20150708,"{""type"":""MultiPoint"",""coordinates"":[]}"
413,NDMI_20150716,"{""type"":""MultiPoint"",""coordinates"":[]}"
414,NDMI_20150724,"{""type"":""MultiPoint"",""coordinates"":[]}"
415,NDMI_20150801,"{""type"":""MultiPoint"",""coordinates"":[]}"
416,NDMI_20150809,"{""type"":""MultiPoint"",""coordinates"":[]}"
417,NDMI_20150817,"{""type"":""MultiPoint"",""coordinates"":[]}"
418,NDMI_20150825,"{""type"":""MultiPoint"",""coordinates"":[]}"
419,NDMI_20150902,"{""type"":""MultiPoint"",""coordinates"":[]}"
420,NDMI_20150918,"{""type"":""MultiPoint"",""coordinates"":[]}"
421,NDMI_20150926,"{""type"":""MultiPoint"",""coordinates"":[]}"
422,NDMI_20151004,"{""type"":""MultiPoint"",""coordinates"":[]}"
423,NDMI_20151012,"{""type"":""MultiPoint"",""coordinates"":[]}"
424,NDMI_20151028,"{""type"":""MultiPoint"",""coordinates"":[]}"
425,NDMI_20151105,"{""type"":""MultiPoint"",""coordinates"":[]}"
426,NDMI_20151113,"{""type"":""MultiPoint"",""coordinates"":[]}"
427,NDMI_20151129,"{""type"":""MultiPoint"",""coordinates"":[]}"
428,NDMI_20151207,"{""type"":""MultiPoint"",""coordinates"":[]}"
429,NDMI_20151215,"{""type"":""MultiPoint"",""coordinates"":[]}"
430,NDMI_20151223,"{""type"":""MultiPoint"",""coordinates"":[]}"
431,NDMI_20151231,"{""type"":""MultiPoint"",""coordinates"":[]}"
432,NDMI_20160108,"{""type"":""MultiPoint"",""coordinates"":[]}"
433,NDMI_20160116,"{""type"":""MultiPoint"",""coordinates"":[]}"
434,NDMI_20160201,"{""type"":""MultiPoint"",""coordinates"":[]}"
435,NDMI_20160209,"{""type"":""MultiPoint"",""coordinates"":[]}"
436,NDMI_20160217,"{""type"":""MultiPoint"",""coordinates"":[]}"
437,NDMI_20160225,"{""type"":""MultiPoint"",""coordinates"":[]}"
438,NDMI_20160304,"{""type"":""MultiPoint"",""coordinates"":[]}"
439,NDMI_20160312,"{""type"":""MultiPoint"",""coordinates"":[]}"
440,NDMI_20160320,"{""type"":""MultiPoint"",""coordinates"":[]}"
441,NDMI_20160328,"{""type"":""MultiPoint"",""coordinates"":[]}"
442,NDMI_20160405,"{""type"":""MultiPoint"",""coordinates"":[]}"
443,NDMI_20160413,"{""type"":""MultiPoint"",""coordinates"":[]}"
444,NDMI_20160429,"{""type"":""MultiPoint"",""coordinates"":[]}"
445,NDMI_20160507,"{""type"":""MultiPoint"",""coordinates"":[]}"
446,NDMI_20160515,"{""type"":""MultiPoint"",""coordinates"":[]}"
447,NDMI_20160523,"{""type"":""MultiPoint"",""coordinates"":[]}"
448,NDMI_20160616,"{""type"":""MultiPoint"",""coordinates"":[]}"
449,NDMI_20160624,"{""type"":""MultiPoint"",""coordinates"":[]}"
450,NDMI_20160702,"{""type"":""MultiPoint"",""coordinates"":[]}"
451,NDMI_20160718,"{""type"":""MultiPoint"",""coordinates"":[]}"
452,NDMI_20160726,"{""type"":""MultiPoint"",""coordinates"":[]}"
453,NDMI_20160803,"{""type"":""MultiPoint"",""coordinates"":[]}"
454,NDMI_20160811,"{""type"":""MultiPoint"",""coordinates"":[]}"
455,NDMI_20160819,"{""type"":""MultiPoint"",""coordinates"":[]}"
456,NDMI_20160827,"{""type"":""MultiPoint"",""coordinates"":[]}"
457,NDMI_20160912,"{""type"":""MultiPoint"",""coordinates"":[]}"
458,NDMI_20160920,"{""type"":""MultiPoint"",""coordinates"":[]}"
459,NDMI_20160928,"{""type"":""MultiPoint"",""coordinates"":[]}"
460,NDMI_20161006,"{""type"":""MultiPoint"",""coordinates"":[]}"
461,NDMI_20161014,"{""type"":""MultiPoint"",""coordinates"":[]}"
462,NDMI_20161022,"{""type"":""MultiPoint"",""coordinates"":[]}"
463,NDMI_20161030,"{""type"":""MultiPoint"",""coordinates"":[]}"
464,NDMI_20161107,"{""type"":""MultiPoint"",""coordinates"":[]}"
465,NDMI_20161115,"{""type"":""MultiPoint"",""coordinates"":[]}"
466,NDMI_20161123,"{""type"":""MultiPoint"",""coordinates"":[]}"
467,NDMI_20161201,"{""type"":""MultiPoint"",""coordinates"":[]}"
468,NDMI_20161209,"{""type"":""MultiPoint"",""coordinates"":[]}"
469,NDMI_20161217,"{""type"":""MultiPoint"",""coordinates"":[]}"
470,NDMI_20161225,"{""type"":""MultiPoint"",""coordinates"":[]}"
471,NDMI_20170102,"{""type"":""MultiPoint"",""coordinates"":[]}"
472,NDMI_20170110,"{""type"":""MultiPoint"",""coordinates"":[]}"
473,NDMI_20170118,"{""type"":""MultiPoint"",""coordinates"":[]}"
474,NDMI_20170126,"{""type"":""MultiPoint"",""coordinates"":[]}"
475,NDMI_20170203,"{""type"":""MultiPoint"",""coordinates"":[]}"
476,NDMI_20170211,"{""type"":""MultiPoint"",""coordinates"":[]}"
477,NDMI_20170219,"{""type"":""MultiPoint"",""coordinates"":[]}"
478,NDMI_20170227,"{""type"":""MultiPoint"",""coordinates"":[]}"
479,NDMI_20170307,"{""type"":""MultiPoint"",""coordinates"":[]}"
480,NDMI_20170323,"{""type"":""MultiPoint"",""coordinates"":[]}"
481,NDMI_20170331,"{""type"":""MultiPoint"",""coordinates"":[]}"
482,NDMI_20170408,"{""type"":""MultiPoint"",""coordinates"":[]}"
483,NDMI_20170416,"{""type"":""MultiPoint"",""coordinates"":[]}"
484,NDMI_20170424,"{""type"":""MultiPoint"",""coordinates"":[]}"
485,NDMI_20170502,"{""type"":""MultiPoint"",""coordinates"":[]}"
486,NDMI_20170510,"{""type"":""MultiPoint"",""coordinates"":[]}"
487,NDMI_20170518,"{""type"":""MultiPoint"",""coordinates"":[]}"
488,NDMI_20170526,"{""type"":""MultiPoint"",""coordinates"":[]}"
489,NDMI_20170603,"{""type"":""MultiPoint"",""coordinates"":[]}"
490,NDMI_20170619,"{""type"":""MultiPoint"",""coordinates"":[]}"
491,NDMI_20170627,"{""type"":""MultiPoint"",""coordinates"":[]}"
492,NDMI_20170705,"{""type"":""MultiPoint"",""coordinates"":[]}"
493,NDMI_20170721,"{""type"":""MultiPoint"",""coordinates"":[]}"
494,NDMI_20170729,"{""type"":""MultiPoint"",""coordinates"":[]}"
495,NDMI_20170806,"{""type"":""MultiPoint"",""coordinates"":[]}"
496,NDMI_20170814,"{""type"":""MultiPoint"",""coordinates"":[]}"
497,NDMI_20170822,"{""type"":""MultiPoint"",""coordinates"":[]}"
498,NDMI_20170830,"{""type"":""MultiPoint"",""coordinates"":[]}"
499,NDMI_20170907,"{""type"":""MultiPoint"",""coordinates"":[]}"
500,NDMI_20170915,"{""type"":""MultiPoint"",""coordinates"":[]}"
501,NDMI_20170923,"{""type"":""MultiPoint"",""coordinates"":[]}"
502,NDMI_20171009,"{""type"":""MultiPoint"",""coordinates"":[]}"
503,NDMI_20171017,"{""type"":""MultiPoint"",""coordinates"":[]}"
504,NDMI_20171025,"{""type"":""MultiPoint"",""coordinates"":[]}"
505,NDMI_20171102,"{""type"":""MultiPoint"",""coordinates"":[]}"
506,NDMI_20171110,"{""type"":""MultiPoint"",""coordinates"":[]}"
507,NDMI_20171118,"{""type"":""MultiPoint"",""coordinates"":[]}"
508,NDMI_20171126,"{""type"":""MultiPoint"",""coordinates"":[]}"
509,NDMI_20171204,"{""type"":""MultiPoint"",""coordinates"":[]}"
510,NDMI_20171212,"{""type"":""MultiPoint"",""coordinates"":[]}"
511,NDMI_20171220,"{""type"":""MultiPoint"",""coordinates"":[]}"
512,NDMI_20171228,"{""type"":""MultiPoint"",""coordinates"":[]}"
513,NDMI_20180105,"{""type"":""MultiPoint"",""coordinates"":[]}"
514,NDMI_20180113,"{""type"":""MultiPoint"",""coordinates"":[]}"
515,NDMI_20180121,"{""type"":""MultiPoint"",""coordinates"":[]}"
516,NDMI_20180129,"{""type"":""MultiPoint"",""coordinates"":[]}"
517,NDMI_20180206,"{""type"":""MultiPoint"",""coordinates"":[]}"
518,NDMI_20180214,"{""type"":""MultiPoint"",""coordinates"":[]}"
519,NDMI_20180222,"{""type"":""MultiPoint"",""coordinates"":[]}"
520,NDMI_20180302,"{""type"":""MultiPoint"",""coordinates"":[]}"
521,NDMI_20180310,"{""type"":""MultiPoint"",""coordinates"":[]}"
522,NDMI_20180318,"{""type"":""MultiPoint"",""coordinates"":[]}"
523,NDMI_20180326,"{""type"":""MultiPoint"",""coordinates"":[]}"
524,NDMI_20180403,"{""type"":""MultiPoint"",""coordinates"":[]}"
525,NDMI_20180411,"{""type"":""MultiPoint"",""coordinates"":[]}"
526,NDMI_20180419,"{""type"":""MultiPoint"",""coordinates"":[]}"
527,NDMI_20180427,"{""type"":""MultiPoint"",""coordinates"":[]}"
528,NDMI_20180505,"{""type"":""MultiPoint"",""coordinates"":[]}"
529,NDMI_20180513,"{""type"":""MultiPoint"",""coordinates"":[]}"
530,NDMI_20180521,"{""type"":""MultiPoint"",""coordinates"":[]}"
531,NDMI_20180529,"{""type"":""MultiPoint"",""coordinates"":[]}"
532,NDMI_20180606,"{""type"":""MultiPoint"",""coordinates"":[]}"
533,NDMI_20180622,"{""type"":""MultiPoint"",""coordinates"":[]}"
534,NDMI_20180630,"{""type"":""MultiPoint"",""coordinates"":[]}"
535,NDMI_20180708,"{""type"":""MultiPoint"",""coordinates"":[]}"
536,NDMI_20180716,"{""type"":""MultiPoint"",""coordinates"":[]}"
537,NDMI_20180724,"{""type"":""MultiPoint"",""coordinates"":[]}"
538,NDMI_20180801,"{""type"":""MultiPoint"",""coordinates"":[]}"
539,NDMI_20180809,"{""type"":""MultiPoint"",""coordinates"":[]}"
540,NDMI_20180817,"{""type"":""MultiPoint"",""coordinates"":[]}"
541,NDMI_20180825,"{""type"":""MultiPoint"",""coordinates"":[]}"
542,NDMI_20180902,"{""type"":""MultiPoint"",""coordinates"":[]}"
543,NDMI_20180910,"{""type"":""MultiPoint"",""coordinates"":[]}"
544,NDMI_20180918,"{""type"":""MultiPoint"",""coordinates"":[]}"
545,NDMI_20180926,"{""type"":""MultiPoint"",""coordinates"":[]}"
546,NDMI_20181004,"{""type"":""MultiPoint"",""coordinates"":[]}"
547,NDMI_20181020,"{""type"":""MultiPoint"",""coordinates"":[]}"
548,NDMI_20181028,"{""type"":""MultiPoint"",""coordinates"":[]}"
549,NDMI_20181105,"{""type"":""MultiPoint"",""coordinates"":[]}"
550,NDMI_20181113,"{""type"":""MultiPoint"",""coordinates"":[]}"
551,NDMI_20181121,"{""type"":""MultiPoint"",""coordinates"":[]}"
552,NDMI_20181129,"{""type"":""MultiPoint"",""coordinates"":[]}"
553,NDMI_20181207,"{""type"":""MultiPoint"",""coordinates"":[]}"
554,NDMI_20181215,"{""type"":""MultiPoint"",""coordinates"":[]}"
555,NDMI_20181223,"{""type"":""MultiPoint"",""coordinates"":[]}"
556,NDMI_20181231,"{""type"":""MultiPoint"",""coordinates"":[]}"
557,NDMI_20190108,"{""type"":""MultiPoint"",""coordinates"":[]}"
558,NDMI_20190116,"{""type"":""MultiPoint"",""coordinates"":[]}"
559,NDMI_20190124,"{""type"":""MultiPoint"",""coordinates"":[]}"
560,NDMI_20190201,"{""type"":""MultiPoint"",""coordinates"":[]}"
561,NDMI_20190209,"{""type"":""MultiPoint"",""coordinates"":[]}"
562,NDMI_20190217,"{""type"":""MultiPoint"",""coordinates"":[]}"
563,NDMI_20190225,"{""type"":""MultiPoint"",""coordinates"":[]}"
564,NDMI_20190305,"{""type"":""MultiPoint"",""coordinates"":[]}"
565,NDMI_20190313,"{""type"":""MultiPoint"",""coordinates"":[]}"
566,NDMI_20190321,"{""type"":""MultiPoint"",""coordinates"":[]}"
567,NDMI_20190329,"{""type"":""MultiPoint"",""coordinates"":[]}"
568,NDMI_20190406,"{""type"":""MultiPoint"",""coordinates"":[]}"
569,NDMI_20190414,"{""type"":""MultiPoint"",""coordinates"":[]}"
570,NDMI_20190422,"{""type"":""MultiPoint"",""coordinates"":[]}"
571,NDMI_20190430,"{""type"":""MultiPoint"",""coordinates"":[]}"
572,NDMI_20190508,"{""type"":""MultiPoint"",""coordinates"":[]}"
573,NDMI_20190516,"{""type"":""MultiPoint"",""coordinates"":[]}"
574,NDMI_20190524,"{""type"":""MultiPoint"",""coordinates"":[]}"
575,NDMI_20190609,"{""type"":""MultiPoint"",""coordinates"":[]}"
576,NDMI_20190617,"{""type"":""MultiPoint"",""coordinates"":[]}"
577,NDMI_20190625,"{""type"":""MultiPoint"",""coordinates"":[]}"
578,NDMI_20190711,"{""type"":""MultiPoint"",""coordinates"":[]}"
579,NDMI_20190719,"{""type"":""MultiPoint"",""coordinates"":[]}"
580,NDMI_20190727,"{""type"":""MultiPoint"",""coordinates"":[]}"
581,NDMI_20190804,"{""type"":""MultiPoint"",""coordinates"":[]}"
582,NDMI_20190812,"{""type"":""MultiPoint"",""coordinates"":[]}"
583,NDMI_20190820,"{""type"":""MultiPoint"",""coordinates"":[]}"
584,NDMI_20190828,"{""type"":""MultiPoint"",""coordinates"":[]}"
585,NDMI_20190905,"{""type"":""MultiPoint"",""coordinates"":[]}"
586,NDMI_20190913,"{""type"":""MultiPoint"",""coordinates"":[]}"
587,NDMI_20190921,"{""type"":""MultiPoint"",""coordinates"":[]}"
588,NDMI_20191023,"{""type"":""MultiPoint"",""coordinates"":[]}"
589,NDMI_20191031,"{""type"":""MultiPoint"",""coordinates"":[]}"
590,NDMI_20191108,"{""type"":""MultiPoint"",""coordinates"":[]}"
591,NDMI_20191116,"{""type"":""MultiPoint"",""coordinates"":[]}"
592,NDMI_20191124,"{""type"":""MultiPoint"",""coordinates"":[]}"
593,NDMI_20191202,"{""type"":""MultiPoint"",""coordinates"":[]}"
594,NDMI_20191210,"{""type"":""MultiPoint"",""coordinates"":[]}"
595,NDMI_20191218,"{""type"":""MultiPoint"",""coordinates"":[]}"
596,NDMI_20191226,"{""type"":""MultiPoint"",""coordinates"":[]}"
597,NDMI_20200103,"{""type"":""MultiPoint"",""coordinates"":[]}"
598,NDMI_20200111,"{""type"":""MultiPoint"",""coordinates"":[]}"
599,NDMI_20200119,"{""type"":""MultiPoint"",""coordinates"":[]}"
600,NDMI_20200127,"{""type"":""MultiPoint"",""coordinates"":[]}"
601,NDMI_20200204,"{""type"":""MultiPoint"",""coordinates"":[]}"
602,NDMI_20200212,"{""type"":""MultiPoint"",""coordinates"":[]}"
603,NDMI_20200220,"{""type"":""MultiPoint"",""coordinates"":[]}"
604,NDMI_20200228,"{""type"":""MultiPoint"",""coordinates"":[]}"
605,NDMI_20200307,"{""type"":""MultiPoint"",""coordinates"":[]}"
606,NDMI_20200315,"{""type"":""MultiPoint"",""coordinates"":[]}"
607,NDMI_20200323,"{""type"":""MultiPoint"",""coordinates"":[]}"
608,NDMI_20200331,"{""type"":""MultiPoint"",""coordinates"":[]}"
609,NDMI_20200408,"{""type"":""MultiPoint"",""coordinates"":[]}"
610,NDMI_20200416,"{""type"":""MultiPoint"",""coordinates"":[]}"
611,NDMI_20200424,"{""type"":""MultiPoint"",""coordinates"":[]}"
612,NDMI_20200502,"{""type"":""MultiPoint"",""coordinates"":[]}"
613,NDMI_20200510,"{""type"":""MultiPoint"",""coordinates"":[]}"
614,NDMI_20200518,"{""type"":""MultiPoint"",""coordinates"":[]}"
615,NDMI_20200526,"{""type"":""MultiPoint"",""coordinates"":[]}"
616,NDMI_20200611,"{""type"":""MultiPoint"",""coordinates"":[]}"
617,NDMI_20200627,"{""type"":""MultiPoint"",""coordinates"":[]}"
618,NDMI_20200705,"{""type"":""MultiPoint"",""coordinates"":[]}"
619,NDMI_20200713,"{""type"":""MultiPoint"",""coordinates"":[]}"
620,NDMI_20200721,"{""type"":""MultiPoint"",""coordinates"":[]}"
621,NDMI_20200729,"{""type"":""MultiPoint"",""coordinates"":[]}"
622,NDMI_20200806,"{""type"":""MultiPoint"",""coordinates"":[]}"
623,NDMI_20200814,"{""type"":""MultiPoint"",""coordinates"":[]}"
624,NDMI_20200822,"{""type"":""MultiPoint"",""coordinates"":[]}"
625,NDMI_20200830,"{""type"":""MultiPoint"",""coordinates"":[]}"
626,NDMI_20200907,"{""type"":""MultiPoint"",""coordinates"":[]}"
627,NDMI_20200915,"{""type"":""MultiPoint"",""coordinates"":[]}"
628,NDMI_20200923,"{""type"":""MultiPoint"",""coordinates"":[]}"
629,NDMI_20201001,"{""type"":""MultiPoint"",""coordinates"":[]}"
630,NDMI_20201009,"{""type"":""MultiPoint"",""coordinates"":[]}"
631,NDMI_20201017,"{""type"":""MultiPoint"",""coordinates"":[]}"
632,NDMI_20201025,"{""type"":""MultiPoint"",""coordinates"":[]}"
633,NDMI_20201102,"{""type"":""MultiPoint"",""coordinates"":[]}"
634,NDMI_20201110,"{""type"":""MultiPoint"",""coordinates"":[]}"
635,NDMI_20201118,"{""type"":""MultiPoint"",""coordinates"":[]}"
636,NDMI_20201126,"{""type"":""MultiPoint"",""coordinates"":[]}"
637,NDMI_20201204,"{""type"":""MultiPoint"",""coordinates"":[]}"
638,NDMI_20201212,"{""type"":""MultiPoint"",""coordinates"":[]}"
639,NDMI_20201220,"{""type"":""MultiPoint"",""coordinates"":[]}"
640,NDMI_20201228,"{""type"":""MultiPoint"",""coordinates"":[]}"
641,NDMI_20210105,"{""type"":""MultiPoint"",""coordinates"":[]}"
642,NDMI_20210113,"{""type"":""MultiPoint"",""coordinates"":[]}"
643,NDMI_20210121,"{""type"":""MultiPoint"",""coordinates"":[]}"
644,NDMI_20210129,"{""type"":""MultiPoint"",""coordinates"":[]}"
645,NDMI_20210206,"{""type"":""MultiPoint"",""coordinates"":[]}"
646,NDMI_20210214,"{""type"":""MultiPoint"",""coordinates"":[]}"
647,NDMI_20210302,"{""type"":""MultiPoint"",""coordinates"":[]}"
648,NDMI_20210310,"{""type"":""MultiPoint"",""coordinates"":[]}"
649,NDMI_20210318,"{""type"":""MultiPoint"",""coordinates"":[]}"
650,NDMI_20210326,"{""type"":""MultiPoint"",""coordinates"":[]}"
651,NDMI_20210403,"{""type"":""MultiPoint"",""coordinates"":[]}"
652,NDMI_20210411,"{""type"":""MultiPoint"",""coordinates"":[]}"
653,NDMI_20210419,"{""type"":""MultiPoint"",""coordinates"":[]}"
654,NDMI_20210427,"{""type"":""MultiPoint"",""coordinates"":[]}"
655,NDMI_20210505,"{""type"":""MultiPoint"",""coordinates"":[]}"
656,NDMI_20210521,"{""type"":""MultiPoint"",""coordinates"":[]}"
657,NDMI_20210529,"{""type"":""MultiPoint"",""coordinates"":[]}"
658,NDMI_20210606,"{""type"":""MultiPoint"",""coordinates"":[]}"
659,NDMI_20210622,"{""type"":""MultiPoint"",""coordinates"":[]}"
660,NDMI_20210630,"{""type"":""MultiPoint"",""coordinates"":[]}"
661,NDMI_20210708,"{""type"":""MultiPoint"",""coordinates"":[]}"
662,NDMI_20210716,"{""type"":""MultiPoint"",""coordinates"":[]}"
663,NDMI_20210724,"{""type"":""MultiPoint"",""coordinates"":[]}"
664,NDMI_20210801,"{""type"":""MultiPoint"",""coordinates"":[]}"
665,NDMI_20210817,"{""type"":""MultiPoint"",""coordinates"":[]}"
666,NDMI_20210825,"{""type"":""MultiPoint"",""coordinates"":[]}"
667,NDMI_20210918,"{""type"":""MultiPoint"",""coordinates"":[]}"
668,NDMI_20210926,"{""type"":""MultiPoint"",""coordinates"":[]}"
669,NDMI_20211004,"{""type"":""MultiPoint"",""coordinates"":[]}"
670,NDMI_20211012,"{""type"":""MultiPoint"",""coordinates"":[]}"
671,NDMI_20211028,"{""type"":""MultiPoint"",""coordinates"":[]}"
672,NDMI_20211105,"{""type"":""MultiPoint"",""coordinates"":[]}"
673,NDMI_20211113,"{""type"":""MultiPoint"",""coordinates"":[]}"
674,NDMI_20211121,"{""type"":""MultiPoint"",""coordinates"":[]}"
675,NDMI_20211129,"{""type"":""MultiPoint"",""coordinates"":[]}"
676,NDMI_20211207,"{""type"":""MultiPoint"",""coordinates"":[]}"
677,NDMI_20211215,"{""type"":""MultiPoint"",""coordinates"":[]}"
678,NDMI_20211223,"{""type"":""MultiPoint"",""coordinates"":[]}"
679,NDMI_20211231,"{""type"":""MultiPoint"",""coordinates"":[]}"
680,NDMI_20220108,"{""type"":""MultiPoint"",""coordinates"":[]}"
681,NDMI_20220116,"{""type"":""MultiPoint"",""coordinates"":[]}"
682,NDMI_20220124,"{""type"":""MultiPoint"",""coordinates"":[]}"
683,NDMI_20220201,"{""type"":""MultiPoint"",""coordinates"":[]}"
684,NDMI_20220209,"{""type"":""MultiPoint"",""coordinates"":[]}"
685,NDMI_20220217,"{""type"":""MultiPoint"",""coordinates"":[]}"
686,NDMI_20220225,"{""type"":""MultiPoint"",""coordinates"":[]}"
687,NDMI_20220305,"{""type"":""MultiPoint"",""coordinates"":[]}"
688,NDMI_20220313,"{""type"":""MultiPoint"",""coordinates"":[]}"
689,NDMI_20220321,"{""type"":""MultiPoint"",""coordinates"":[]}"
690,NDMI_20220329,"{""type"":""MultiPoint"",""coordinates"":[]}"
691,NDMI_20220406,"{""type"":""MultiPoint"",""coordinates"":[]}"
692,NDMI_20220422,"{""type"":""MultiPoint"",""coordinates"":[]}"
693,NDMI_20220508,"{""type"":""MultiPoint"",""coordinates"":[]}"
694,NDMI_20220524,"{""type"":""MultiPoint"",""coordinates"":[]}"
695,NDMI_20220525,"{""type"":""MultiPoint"",""coordinates"":[]}"
696,NDMI_20220611,"{""type"":""MultiPoint"",""coordinates"":[]}"
697,NDMI_20220625,"{""type"":""MultiPoint"",""coordinates"":[]}"
698,NDMI_20220628,"{""type"":""MultiPoint"",""coordinates"":[]}"
699,NDMI_20220710,"{""type"":""MultiPoint"",""coordinates"":[]}"
700,NDMI_20220711,"{""type"":""MultiPoint"",""coordinates"":[]}"
701,NDMI_20220715,"{""type"":""MultiPoint"",""coordinates"":[]}"
702,NDMI_20220727,"{""type"":""MultiPoint"",""coordinates"":[]}"
703,NDMI_20220801,"{""type"":""MultiPoint"",""coordinates"":[]}"
704,NDMI_20220812,"{""type"":""MultiPoint"",""coordinates"":[]}"
705,NDMI_20220813,"{""type"":""MultiPoint"",""coordinates"":[]}"
706,NDMI_20220818,"{""type"":""MultiPoint"",""coordinates"":[]}"
707,NDMI_20220929,"{""type"":""MultiPoint"",""coordinates"":[]}"
708,NDMI_20221003,"{""type"":""MultiPoint"",""coordinates"":[]}"
709,NDMI_20221008,"{""type"":""MultiPoint"",""coordinates"":[]}"
710,NDMI_20221020,"{""type"":""MultiPoint"",""coordinates"":[]}"
711,NDMI_20221025,"{""type"":""MultiPoint"",""coordinates"":[]}"
712,NDMI_20221031,"{""type"":""MultiPoint"",""coordinates"":[]}"
713,NDMI_20221111,"{""type"":""MultiPoint"",""coordinates"":[]}"
714,NDMI_20221116,"{""type"":""MultiPoint"",""coordinates"":[]}"
715,NDMI_20221128,"{""type"":""MultiPoint"",""coordinates"":[]}"
716,NDMI_20221202,"{""type"":""MultiPoint"",""coordinates"":[]}"
717,NDMI_20221215,"{""type"":""MultiPoint"",""coordinates"":[]}"
718,NDMI_20221218,"{""type"":""MultiPoint"",""coordinates"":[]}"
